INFO  => Recipe ./recipes/recipe.yml is valid
INFO  => Templating for recipe at ./recipes/recipe.yml
INFO  => Retrieving OS version from ghcr.io/ublue-os/base-main:44
INFO  => Retrieving OS version from ghcr.io/ublue-os/base-main:44
INFO  => Building image localhost/kam-i3:latest_linux_amd64
INFO  => Pulling image ghcr.io/ublue-os/base-main@sha256:a04d48824e40d64f49b50a0436727eaa540e243aa92085eedd27168ff73b8892...
INFO  => Successfully pulled image ghcr.io/ublue-os/base-main@sha256:a04d48824e40d64f49b50a0436727eaa540e243aa92085eedd27168ff73b8892
l/kam-i3:latest_linux_amd64 => [1/6] STEP 1/1: FROM ghcr.io/ublue-os/base-main@sha256:a04d48824e40d64f49b50a0436727eaa540e243aa92085eedd27168ff73b8892 AS kam-i3
l/kam-i3:latest_linux_amd64 => --> e29b7f12d0dd
l/kam-i3:latest_linux_amd64 => [2/6] STEP 1/2: FROM scratch AS stage-files
l/kam-i3:latest_linux_amd64 => [2/6] STEP 2/2: COPY ./files /files
l/kam-i3:latest_linux_amd64 => --> Using cache eaa2f69b87738f4d403e1765591b7172043f7e9884117aef9d87339eb6001653
l/kam-i3:latest_linux_amd64 => --> eaa2f69b8773
l/kam-i3:latest_linux_amd64 => [4/6] STEP 1/3: FROM scratch AS stage-bins
l/kam-i3:latest_linux_amd64 => [4/6] STEP 2/3: COPY --from=ghcr.io/sigstore/cosign/cosign:v3.1.1   /ko-app/cosign /bins/cosign
l/kam-i3:latest_linux_amd64 => --> Using cache dd7fce5561b47bc3a8be91ecd8aab257b0952a43795034bf9f6b3cd35584d4f6
l/kam-i3:latest_linux_amd64 => --> dd7fce5561b4
l/kam-i3:latest_linux_amd64 => [4/6] STEP 3/3: COPY --from=ghcr.io/blue-build/cli:latest-installer   /out/bluebuild /bins/bluebuild
l/kam-i3:latest_linux_amd64 => --> Using cache c927b831a151ffe7ad74ff739eba60b23ac0ed7100a726417745dc3bf143ed06
l/kam-i3:latest_linux_amd64 => --> c927b831a151
l/kam-i3:latest_linux_amd64 => [5/6] STEP 1/2: FROM scratch AS stage-keys
l/kam-i3:latest_linux_amd64 => [5/6] STEP 2/2: COPY cosign.pub /keys/kam-i3.pub
l/kam-i3:latest_linux_amd64 => --> Using cache bd60dfd775965e59f117c29e377bf93668fc25aea65329965a626d8502adf488
l/kam-i3:latest_linux_amd64 => --> bd60dfd77596
l/kam-i3:latest_linux_amd64 => [6/6] STEP 1/28: FROM e29b7f12d0dd271656d86ba0b0bcbef586fcc35c3d2db13a2eebdfab37176bb4
l/kam-i3:latest_linux_amd64 => [6/6] STEP 2/28: ARG TARGETARCH
l/kam-i3:latest_linux_amd64 => --> Using cache 28787fab9021642b6d271ff32f83a6a54d3921f4da075fcfcda989f9ac07c3b5
l/kam-i3:latest_linux_amd64 => --> 28787fab9021
l/kam-i3:latest_linux_amd64 => [6/6] STEP 3/28: ARG RECIPE=./recipes/recipe.yml
l/kam-i3:latest_linux_amd64 => --> Using cache 506adfeda7dffbac10b58fa3bdfeb36ffe73c256c0212205b461ac9742111bbd
l/kam-i3:latest_linux_amd64 => --> 506adfeda7df
l/kam-i3:latest_linux_amd64 => [6/6] STEP 4/28: ARG IMAGE_REGISTRY=localhost
l/kam-i3:latest_linux_amd64 => --> Using cache b7835a59922a7d22732deeac6c8f55720fef4966884565d8e2f688cf0dc83222
l/kam-i3:latest_linux_amd64 => --> b7835a59922a
l/kam-i3:latest_linux_amd64 => [6/6] STEP 5/28: ARG BB_BUILD_FEATURES=""
l/kam-i3:latest_linux_amd64 => --> Using cache dbc6120ae2b96f2b68d125d58f113f30bfca499bf1a059f1c5312b309f166856
l/kam-i3:latest_linux_amd64 => --> dbc6120ae2b9
l/kam-i3:latest_linux_amd64 => [6/6] STEP 6/28: ARG CONFIG_DIRECTORY="/tmp/files"
l/kam-i3:latest_linux_amd64 => --> Using cache a2f97a2d3551e4f77f8007abf6cd2f409926708ded9ff3c2573c1b96b501a5f7
l/kam-i3:latest_linux_amd64 => --> a2f97a2d3551
l/kam-i3:latest_linux_amd64 => [6/6] STEP 7/28: ARG MODULE_DIRECTORY="/tmp/modules"
l/kam-i3:latest_linux_amd64 => --> Using cache daeb2f71c2c4f6dc43fad59c6cad388e5a335e6080cbcd5124aee4c8eac39462
l/kam-i3:latest_linux_amd64 => --> daeb2f71c2c4
l/kam-i3:latest_linux_amd64 => [6/6] STEP 8/28: ARG IMAGE_NAME="kam-i3"
l/kam-i3:latest_linux_amd64 => --> Using cache 60df62df9f2490f2ea3e77cd0b8099a74a02d780e6b27aa272eaba2d37f7db1d
l/kam-i3:latest_linux_amd64 => --> 60df62df9f24
l/kam-i3:latest_linux_amd64 => [6/6] STEP 9/28: ARG BASE_IMAGE="ghcr.io/ublue-os/base-main"
l/kam-i3:latest_linux_amd64 => --> Using cache 2709d6b10b5ce1529adc143424f808a0f3c6c4cd578f3921497b787c78769324
l/kam-i3:latest_linux_amd64 => --> 2709d6b10b5c
l/kam-i3:latest_linux_amd64 => [6/6] STEP 10/28: RUN --mount=type=bind,from=stage-keys,src=/keys,dst=/tmp/keys   mkdir -p /etc/pki/containers/   && cp /tmp/keys/* /etc/pki/containers/
l/kam-i3:latest_linux_amd64 => --> acdaa1c0e799
l/kam-i3:latest_linux_amd64 => [6/6] STEP 11/28: RUN --mount=type=bind,from=stage-bins,src=/bins,dst=/tmp/bins   mkdir -p /usr/bin/   && cp /tmp/bins/* /usr/bin/
l/kam-i3:latest_linux_amd64 => --> 3a392ce40771
l/kam-i3:latest_linux_amd64 => [6/6] STEP 12/28: RUN --mount=type=bind,from=ghcr.io/blue-build/nushell-image:default,src=/nu,dst=/tmp/nu   mkdir -p /usr/libexec/bluebuild/nu   && cp -r /tmp/nu/* /usr/libexec/bluebuild/nu/
l/kam-i3:latest_linux_amd64 => --> 11bc483c90bd
l/kam-i3:latest_linux_amd64 => [6/6] STEP 13/28: RUN --mount=type=bind,src=.bluebuild-scripts_0805999f,dst=/scripts/,Z   /scripts/pre_build.sh
l/kam-i3:latest_linux_amd64 => Preparing system for optfix...
l/kam-i3:latest_linux_amd64 => Linking /opt => /usr/lib/opt
l/kam-i3:latest_linux_amd64 => --> 44e51a2edea9
l/kam-i3:latest_linux_amd64 => [6/6] STEP 14/28: RUN --mount=type=bind,from=stage-files,src=/files,dst=/tmp/files,rw --mount=type=bind,from=ghcr.io/blue-build/modules/files:latest,src=/modules,dst=/tmp/modules,rw --mount=type=bind,src=.bluebuild-scripts_0805999f,dst=/tmp/scripts/,Z --mount=type=cache,sharing=locked,dst=/var/cache/rpm-ostree,id=rpm-ostree-cache-kam-i3-44-stage-kam-i3 --mount=type=cache,sharing=locked,dst=/var/cache/libdnf5,id=dnf-cache-kam-i3-44-stage-kam-i3 --mount=type=cache,sharing=locked,dst=/var/cache/zypp,id=zypper-cache-kam-i3-44-stage-kam-i3 --mount=type=cache,sharing=locked,dst=/var/cache/apk,id=apk-cache-kam-i3-44-stage-kam-i3 --mount=type=cache,sharing=locked,dst=/var/cache/apt,id=apt-cache-kam-i3-44-stage-kam-i3 --mount=type=cache,sharing=locked,dst=/var/cache/pacman,id=pacman-cache-kam-i3-44-stage-kam-i3 --mount=type=cache,sharing=locked,dst=/usr/lib/sysimage/cache/pacman,id=pacman-sysimage-cache-kam-i3-44-stage-kam-i3 /tmp/scripts/run_module.sh 'files' '{"type":"files","files":[{"source":"system","destination":"/"}]}'
l/kam-i3:latest_linux_amd64 => ============================= Start 'files' Module =============================
l/kam-i3:latest_linux_amd64 => Adding files to image
l/kam-i3:latest_linux_amd64 => Copying /tmp/files/system/* to /
l/kam-i3:latest_linux_amd64 => ============================== End 'files' Module ==============================
l/kam-i3:latest_linux_amd64 => --> 53f1509f3080
l/kam-i3:latest_linux_amd64 => [6/6] STEP 15/28: RUN --mount=type=bind,from=stage-files,src=/files,dst=/tmp/files,rw --mount=type=bind,from=ghcr.io/blue-build/modules/dnf:latest,src=/modules,dst=/tmp/modules,rw --mount=type=bind,src=.bluebuild-scripts_0805999f,dst=/tmp/scripts/,Z --mount=type=cache,sharing=locked,dst=/var/cache/rpm-ostree,id=rpm-ostree-cache-kam-i3-44-stage-kam-i3 --mount=type=cache,sharing=locked,dst=/var/cache/libdnf5,id=dnf-cache-kam-i3-44-stage-kam-i3 --mount=type=cache,sharing=locked,dst=/var/cache/zypp,id=zypper-cache-kam-i3-44-stage-kam-i3 --mount=type=cache,sharing=locked,dst=/var/cache/apk,id=apk-cache-kam-i3-44-stage-kam-i3 --mount=type=cache,sharing=locked,dst=/var/cache/apt,id=apt-cache-kam-i3-44-stage-kam-i3 --mount=type=cache,sharing=locked,dst=/var/cache/pacman,id=pacman-cache-kam-i3-44-stage-kam-i3 --mount=type=cache,sharing=locked,dst=/usr/lib/sysimage/cache/pacman,id=pacman-sysimage-cache-kam-i3-44-stage-kam-i3 /tmp/scripts/run_module.sh 'dnf' '{"type":"dnf","install":{"packages":["greetd","tuigreet","xorg-x11-server-Xorg","xorg-x11-xinit","xorg-x11-xauth","xsetroot","xrandr","jetbrains-mono-fonts","jetbrains-mono-fonts-all","xset","i3","i3status","i3lock","rofi","feh","xterm","emacs","dbus-tools","xdg-desktop-portal","xdg-desktop-portal-gtk","polkit","lxqt-policykit","dunst","NetworkManager","NetworkManager-wifi","wpa_supplicant","linux-firmware"]},"remove":{"packages":["firefox","firefox-langpacks","nano"]}}'
l/kam-i3:latest_linux_amd64 => ============================== Start 'dnf' Module ==============================
l/kam-i3:latest_linux_amd64 => Updating and loading repositories:
l/kam-i3:latest_linux_amd64 =>  Fedora 44 - x86_64 - Updates Archive   100% |   6.4 KiB/s |   3.4 KiB |  00m01s
l/kam-i3:latest_linux_amd64 =>  Fedora 44 - x86_64 - Updates           100% |  13.5 KiB/s |  24.5 KiB |  00m02s
l/kam-i3:latest_linux_amd64 =>  negativo17 - Multimedia                100% |   8.1 KiB/s |   4.3 KiB |  00m01s
l/kam-i3:latest_linux_amd64 =>  Fedora 44 openh264 (From Cisco) - x86_ 100% | 799.0   B/s | 986.0   B |  00m01s
l/kam-i3:latest_linux_amd64 =>  Fedora 44 - x86_64                     100% |  26.3 KiB/s |  24.5 KiB |  00m01s
l/kam-i3:latest_linux_amd64 =>  Copr repo for akmods owned by ublue-os 100% |   2.9 KiB/s |   1.5 KiB |  00m01s
l/kam-i3:latest_linux_amd64 => Metadata cache created.
l/kam-i3:latest_linux_amd64 => Repositories loaded.
l/kam-i3:latest_linux_amd64 => [32mRemoving packages:[0m
l/kam-i3:latest_linux_amd64 => - [36mfirefox[0m
l/kam-i3:latest_linux_amd64 => - [36mfirefox-langpacks[0m
l/kam-i3:latest_linux_amd64 => - [36mnano[0m
l/kam-i3:latest_linux_amd64 => Package              Arch   Version        Repository      Size
l/kam-i3:latest_linux_amd64 => Removing:
l/kam-i3:latest_linux_amd64 =>  firefox             x86_64 0:153.0-3.fc44 <unknown>  282.7 MiB
l/kam-i3:latest_linux_amd64 =>  firefox-langpacks   x86_64 0:153.0-3.fc44 <unknown>   46.4 MiB
l/kam-i3:latest_linux_amd64 =>  nano                x86_64 0:8.7.1-2.fc44 <unknown>    2.9 MiB
l/kam-i3:latest_linux_amd64 => Removing dependent packages:
l/kam-i3:latest_linux_amd64 =>  default-editor      noarch 0:8.7.1-2.fc44 <unknown>    0.0   B
l/kam-i3:latest_linux_amd64 =>  nano-default-editor noarch 0:8.7.1-2.fc44 <unknown>  514.0   B
l/kam-i3:latest_linux_amd64 => 
l/kam-i3:latest_linux_amd64 => Transaction Summary:
l/kam-i3:latest_linux_amd64 =>  Removing:           5 packages
l/kam-i3:latest_linux_amd64 => 
l/kam-i3:latest_linux_amd64 => After this operation, 332 MiB will be freed (install 0 B, remove 332 MiB).
l/kam-i3:latest_linux_amd64 => Running transaction
l/kam-i3:latest_linux_amd64 => [1/6] Prepare transaction               100% |  25.0   B/s |   5.0   B |  00m00s
l/kam-i3:latest_linux_amd64 => [2/6] Removing firefox-langpacks-0:153. 100% |   6.6 KiB/s | 115.0   B |  00m00s
l/kam-i3:latest_linux_amd64 => [3/6] Removing default-editor-0:8.7.1-2 100% |   0.0   B/s | 100.0   B |  00m00s
l/kam-i3:latest_linux_amd64 => [4/6] Removing nano-default-editor-0:8. 100% | 714.0   B/s |   5.0   B |  00m00s
l/kam-i3:latest_linux_amd64 => [5/6] Removing nano-0:8.7.1-2.fc44.x86_ 100% |   2.5 KiB/s | 107.0   B |  00m00s
l/kam-i3:latest_linux_amd64 => [6/6] Removing firefox-0:153.0-3.fc44.x 100% | 160.0   B/s | 101.0   B |  00m01s
l/kam-i3:latest_linux_amd64 => Complete!
l/kam-i3:latest_linux_amd64 => [32mInstalling packages:[0m
l/kam-i3:latest_linux_amd64 => - [36mgreetd[0m
l/kam-i3:latest_linux_amd64 => - [36mtuigreet[0m
l/kam-i3:latest_linux_amd64 => - [36mxorg-x11-server-Xorg[0m
l/kam-i3:latest_linux_amd64 => - [36mxorg-x11-xinit[0m
l/kam-i3:latest_linux_amd64 => - [36mxorg-x11-xauth[0m
l/kam-i3:latest_linux_amd64 => - [36mxsetroot[0m
l/kam-i3:latest_linux_amd64 => - [36mxrandr[0m
l/kam-i3:latest_linux_amd64 => - [36mjetbrains-mono-fonts[0m
l/kam-i3:latest_linux_amd64 => - [36mjetbrains-mono-fonts-all[0m
l/kam-i3:latest_linux_amd64 => - [36mxset[0m
l/kam-i3:latest_linux_amd64 => - [36mi3[0m
l/kam-i3:latest_linux_amd64 => - [36mi3status[0m
l/kam-i3:latest_linux_amd64 => - [36mi3lock[0m
l/kam-i3:latest_linux_amd64 => - [36mrofi[0m
l/kam-i3:latest_linux_amd64 => - [36mfeh[0m
l/kam-i3:latest_linux_amd64 => - [36mxterm[0m
l/kam-i3:latest_linux_amd64 => - [36memacs[0m
l/kam-i3:latest_linux_amd64 => - [36mdbus-tools[0m
l/kam-i3:latest_linux_amd64 => - [36mxdg-desktop-portal[0m
l/kam-i3:latest_linux_amd64 => - [36mxdg-desktop-portal-gtk[0m
l/kam-i3:latest_linux_amd64 => - [36mpolkit[0m
l/kam-i3:latest_linux_amd64 => - [36mlxqt-policykit[0m
l/kam-i3:latest_linux_amd64 => - [36mdunst[0m
l/kam-i3:latest_linux_amd64 => - [36mNetworkManager[0m
l/kam-i3:latest_linux_amd64 => - [36mNetworkManager-wifi[0m
l/kam-i3:latest_linux_amd64 => - [36mwpa_supplicant[0m
l/kam-i3:latest_linux_amd64 => - [36mlinux-firmware[0m
l/kam-i3:latest_linux_amd64 => Updating and loading repositories:
l/kam-i3:latest_linux_amd64 => Repositories loaded.
l/kam-i3:latest_linux_amd64 => Package "xorg-x11-xauth-1:1.1.5-1.fc44.x86_64" is already installed.
l/kam-i3:latest_linux_amd64 => Package "xdg-desktop-portal-1.22.1-1.fc44.x86_64" is already installed.
l/kam-i3:latest_linux_amd64 => Package "xdg-desktop-portal-gtk-1.15.3-3.fc44.x86_64" is already installed.
l/kam-i3:latest_linux_amd64 => Package "polkit-127-2.fc44.2.x86_64" is already installed.
l/kam-i3:latest_linux_amd64 => Package "NetworkManager-1:1.56.1-2.fc44.x86_64" is already installed.
l/kam-i3:latest_linux_amd64 => Package "NetworkManager-wifi-1:1.56.1-2.fc44.x86_64" is already installed.
l/kam-i3:latest_linux_amd64 => Package "wpa_supplicant-1:2.11-9.fc44.x86_64" is already installed.
l/kam-i3:latest_linux_amd64 => Package "linux-firmware-20260622-1.fc44.noarch" is already installed.
l/kam-i3:latest_linux_amd64 => 
l/kam-i3:latest_linux_amd64 => Package                         Arch   Version                                Repository      Size
l/kam-i3:latest_linux_amd64 => Installing:
l/kam-i3:latest_linux_amd64 =>  dbus-tools                     x86_64 1:1.16.2-1.fc44                        fedora      98.7 KiB
l/kam-i3:latest_linux_amd64 =>  dunst                          x86_64 0:1.13.2-1.fc44                        fedora     365.6 KiB
l/kam-i3:latest_linux_amd64 =>  emacs                          x86_64 1:30.2-25.fc44                         updates      0.0   B
l/kam-i3:latest_linux_amd64 =>  feh                            x86_64 0:3.12.2-2.fc44                        updates    364.3 KiB
l/kam-i3:latest_linux_amd64 =>  greetd                         x86_64 0:0.10.3-6.fc44                        fedora       1.3 MiB
l/kam-i3:latest_linux_amd64 =>  i3                             x86_64 0:4.25.1-1.fc44                        fedora     966.2 KiB
l/kam-i3:latest_linux_amd64 =>  i3lock                         x86_64 0:2.16-2.fc44                          fedora      71.8 KiB
l/kam-i3:latest_linux_amd64 =>  i3status                       x86_64 0:2.15-5.fc44                          fedora     138.3 KiB
l/kam-i3:latest_linux_amd64 =>  jetbrains-mono-fonts           noarch 0:2.304-10.fc44                        fedora       2.3 MiB
l/kam-i3:latest_linux_amd64 =>  jetbrains-mono-fonts-all       noarch 0:2.304-10.fc44                        fedora       0.0   B
l/kam-i3:latest_linux_amd64 =>  lxqt-policykit                 x86_64 0:2.4.0-1.fc44                         updates    135.4 KiB
l/kam-i3:latest_linux_amd64 =>  rofi                           x86_64 0:2.0.0-2.fc44                         fedora     666.2 KiB
l/kam-i3:latest_linux_amd64 =>  tuigreet                       x86_64 0:0.9.1-7.fc44                         fedora       2.4 MiB
l/kam-i3:latest_linux_amd64 =>  xorg-x11-server-Xorg           x86_64 0:21.1.24-1.fc44                       updates      3.5 MiB
l/kam-i3:latest_linux_amd64 =>  xorg-x11-xinit                 x86_64 0:1.4.3-4.fc44                         fedora     142.0 KiB
l/kam-i3:latest_linux_amd64 =>  xrandr                         x86_64 0:1.5.3-4.fc44                         fedora      79.4 KiB
l/kam-i3:latest_linux_amd64 =>  xset                           x86_64 0:1.2.5-9.fc44                         fedora      41.5 KiB
l/kam-i3:latest_linux_amd64 =>  xsetroot                       x86_64 0:1.1.3-4.fc44                         fedora      22.7 KiB
l/kam-i3:latest_linux_amd64 =>  xterm                          x86_64 0:406-1.fc44                           fedora       1.9 MiB
l/kam-i3:latest_linux_amd64 => Installing dependencies:
l/kam-i3:latest_linux_amd64 =>  binutils                       x86_64 0:2.46.1-1.fc44                        updates     28.2 MiB
l/kam-i3:latest_linux_amd64 =>  cpp                            x86_64 0:16.1.1-2.fc44                        updates     42.1 MiB
l/kam-i3:latest_linux_amd64 =>  dejavu-sans-fonts              noarch 0:2.37-29.fc44                         fedora       5.5 MiB
l/kam-i3:latest_linux_amd64 =>  double-conversion              x86_64 0:3.4.0-3.fc44                         fedora     101.8 KiB
l/kam-i3:latest_linux_amd64 =>  emacs-common                   x86_64 1:30.2-25.fc44                         updates    103.8 MiB
l/kam-i3:latest_linux_amd64 =>  emacs-gtk+x11                  x86_64 1:30.2-25.fc44                         updates    172.3 MiB
l/kam-i3:latest_linux_amd64 =>  emacsclient                    x86_64 1:30.2-25.fc44                         updates     72.6 KiB
l/kam-i3:latest_linux_amd64 =>  gcc                            x86_64 0:16.1.1-2.fc44                        updates    120.8 MiB
l/kam-i3:latest_linux_amd64 =>  gcr-libs                       x86_64 0:4.4.0.1-7.fc44                       fedora       1.8 MiB
l/kam-i3:latest_linux_amd64 =>  gdk-pixbuf2-modules-extra      x86_64 0:2.44.0-2.fc44                        fedora      85.1 KiB
l/kam-i3:latest_linux_amd64 =>  glibc-devel                    x86_64 0:2.43-7.fc44                          updates      2.3 MiB
l/kam-i3:latest_linux_amd64 =>  glx-utils                      x86_64 0:9.0.0-11.fc44                        fedora     418.0 KiB
l/kam-i3:latest_linux_amd64 =>  greetd-selinux                 noarch 0:0.10.3-6.fc44                        fedora      10.1 KiB
l/kam-i3:latest_linux_amd64 =>  i3-config                      noarch 0:4.25.1-1.fc44                        fedora      14.5 KiB
l/kam-i3:latest_linux_amd64 =>  i3status-config                noarch 0:2.15-5.fc44                          fedora       1.0 KiB
l/kam-i3:latest_linux_amd64 =>  ibus-panel                     x86_64 0:1.5.34-4.fc44                        updates    310.0 KiB
l/kam-i3:latest_linux_amd64 =>  ibus-xinit                     noarch 0:1.5.34-4.fc44                        updates      2.1 KiB
l/kam-i3:latest_linux_amd64 =>  imlib2                         x86_64 0:1.12.5-2.fc44                        fedora     770.2 KiB
l/kam-i3:latest_linux_amd64 =>  jetbrains-mono-nl-fonts        noarch 0:2.304-10.fc44                        fedora       3.2 MiB
l/kam-i3:latest_linux_amd64 =>  kde-filesystem                 x86_64 0:5-7.fc44                             fedora     774.0   B
l/kam-i3:latest_linux_amd64 =>  kernel-headers                 x86_64 0:7.1.3-200.fc44                       updates      6.9 MiB
l/kam-i3:latest_linux_amd64 =>  kf6-filesystem                 x86_64 0:6.28.0-1.fc44                        updates      1.5 KiB
l/kam-i3:latest_linux_amd64 =>  kf6-kwindowsystem              x86_64 0:6.28.0-1.fc44                        updates    751.5 KiB
l/kam-i3:latest_linux_amd64 =>  libXScrnSaver                  x86_64 0:1.2.4-7.fc44                         fedora      49.5 KiB
l/kam-i3:latest_linux_amd64 =>  libXaw                         x86_64 0:1.0.16-5.fc44                        fedora     519.0 KiB
l/kam-i3:latest_linux_amd64 =>  libappindicator-gtk3           x86_64 0:12.10.1-10.fc44                      fedora     108.4 KiB
l/kam-i3:latest_linux_amd64 =>  libatomic                      x86_64 0:16.1.1-2.fc44                        updates     45.6 KiB
l/kam-i3:latest_linux_amd64 =>  libb2                          x86_64 0:0.98.1-15.fc44                       fedora      41.9 KiB
l/kam-i3:latest_linux_amd64 =>  libconfuse                     x86_64 0:3.3-16.fc44                          fedora       1.0 MiB
l/kam-i3:latest_linux_amd64 =>  libdbusmenu                    x86_64 0:16.04.0-31.fc44                      fedora     540.0 KiB
l/kam-i3:latest_linux_amd64 =>  libdbusmenu-gtk3               x86_64 0:16.04.0-31.fc44                      fedora      88.3 KiB
l/kam-i3:latest_linux_amd64 =>  libgccjit                      x86_64 0:16.1.1-2.fc44                        updates     42.0 MiB
l/kam-i3:latest_linux_amd64 =>  libinput                       x86_64 0:1.31.3-1.fc44                        updates    701.6 KiB
l/kam-i3:latest_linux_amd64 =>  liblxqt                        x86_64 0:2.4.0-2.fc44                         updates    636.2 KiB
l/kam-i3:latest_linux_amd64 =>  libmpc                         x86_64 0:1.4.1-1.fc44                         updates    168.7 KiB
l/kam-i3:latest_linux_amd64 =>  libnma                         x86_64 0:1.10.6-11.fc44                       fedora     358.8 KiB
l/kam-i3:latest_linux_amd64 =>  libnma-common                  noarch 0:1.10.6-11.fc44                       fedora     770.8 KiB
l/kam-i3:latest_linux_amd64 =>  libotf                         x86_64 0:0.9.16-8.fc44                        fedora     238.1 KiB
l/kam-i3:latest_linux_amd64 =>  libptytty                      x86_64 0:2.0-14.fc44                          fedora      45.2 KiB
l/kam-i3:latest_linux_amd64 =>  libqtxdg                       x86_64 0:4.4.0-3.fc44                         updates    443.6 KiB
l/kam-i3:latest_linux_amd64 =>  libspectre                     x86_64 0:0.2.12-11.fc44                       fedora      89.4 KiB
l/kam-i3:latest_linux_amd64 =>  libtree-sitter0.25             x86_64 0:0.25.10-7.fc44                       updates    212.1 KiB
l/kam-i3:latest_linux_amd64 =>  libwacom                       x86_64 0:2.19.0-1.fc44                        updates    114.0 KiB
l/kam-i3:latest_linux_amd64 =>  libwacom-data                  noarch 0:2.19.0-1.fc44                        updates      1.4 MiB
l/kam-i3:latest_linux_amd64 =>  libxcrypt-devel                x86_64 0:4.5.2-3.fc44                         fedora      31.0 KiB
l/kam-i3:latest_linux_amd64 =>  libxkbcommon-x11               x86_64 0:1.13.1-2.fc44                        fedora      35.4 KiB
l/kam-i3:latest_linux_amd64 =>  make                           x86_64 1:4.4.1-12.fc44                        fedora       1.8 MiB
l/kam-i3:latest_linux_amd64 =>  mkfontscale                    x86_64 0:1.2.3-4.fc44                         fedora      44.9 KiB
l/kam-i3:latest_linux_amd64 =>  mobile-broadband-provider-info noarch 0:20240407-5.fc44                      fedora     504.0 KiB
l/kam-i3:latest_linux_amd64 =>  mtdev                          x86_64 0:1.1.6-12.fc44                        fedora      29.1 KiB
l/kam-i3:latest_linux_amd64 =>  nm-connection-editor           x86_64 0:1.36.0-7.fc44                        fedora       4.8 MiB
l/kam-i3:latest_linux_amd64 =>  pcre2-utf16                    x86_64 0:10.47-1.fc44.1                       fedora     655.2 KiB
l/kam-i3:latest_linux_amd64 =>  perl-AnyEvent                  x86_64 0:7.17-23.fc44                         fedora     977.6 KiB
l/kam-i3:latest_linux_amd64 =>  perl-AnyEvent-I3               noarch 0:0.19-5.fc44                          fedora      21.1 KiB
l/kam-i3:latest_linux_amd64 =>  perl-AutoLoader                noarch 0:5.74-524.fc44                        updates     20.6 KiB
l/kam-i3:latest_linux_amd64 =>  perl-B                         x86_64 0:1.89-524.fc44                        updates    501.2 KiB
l/kam-i3:latest_linux_amd64 =>  perl-Carp                      noarch 0:1.54-521.fc44                        fedora      46.6 KiB
l/kam-i3:latest_linux_amd64 =>  perl-Class-Struct              noarch 0:0.68-524.fc44                        updates     25.4 KiB
l/kam-i3:latest_linux_amd64 =>  perl-Data-Dumper               x86_64 0:2.192-523.fc44                       updates    115.5 KiB
l/kam-i3:latest_linux_amd64 =>  perl-Digest                    noarch 0:1.20-521.fc44                        fedora      35.3 KiB
l/kam-i3:latest_linux_amd64 =>  perl-Digest-MD5                x86_64 0:2.59-521.fc44                        fedora      59.6 KiB
l/kam-i3:latest_linux_amd64 =>  perl-DynaLoader                x86_64 0:1.57-524.fc44                        updates     32.1 KiB
l/kam-i3:latest_linux_amd64 =>  perl-Encode                    x86_64 4:3.21-521.fc44                        fedora       4.7 MiB
l/kam-i3:latest_linux_amd64 =>  perl-Errno                     x86_64 0:1.38-524.fc44                        updates      8.4 KiB
l/kam-i3:latest_linux_amd64 =>  perl-Exporter                  noarch 0:5.79-521.fc44                        fedora      54.3 KiB
l/kam-i3:latest_linux_amd64 =>  perl-Fcntl                     x86_64 0:1.20-524.fc44                        updates     48.7 KiB
l/kam-i3:latest_linux_amd64 =>  perl-File-Basename             noarch 0:2.86-524.fc44                        updates     14.0 KiB
l/kam-i3:latest_linux_amd64 =>  perl-File-Find                 noarch 0:1.44-524.fc44                        updates     42.0 KiB
l/kam-i3:latest_linux_amd64 =>  perl-File-Path                 noarch 0:2.18-522.fc44                        fedora      63.5 KiB
l/kam-i3:latest_linux_amd64 =>  perl-File-Temp                 noarch 1:0.231.200-2.fc44                     fedora     163.7 KiB
l/kam-i3:latest_linux_amd64 =>  perl-File-stat                 noarch 0:1.14-524.fc44                        updates     12.5 KiB
l/kam-i3:latest_linux_amd64 =>  perl-FileHandle                noarch 0:2.05-524.fc44                        updates      9.4 KiB
l/kam-i3:latest_linux_amd64 =>  perl-Filter                    x86_64 2:1.65-2.fc44                          fedora     156.3 KiB
l/kam-i3:latest_linux_amd64 =>  perl-Getopt-Long               noarch 1:2.58-521.fc44                        fedora     144.5 KiB
l/kam-i3:latest_linux_amd64 =>  perl-Getopt-Std                noarch 0:1.14-524.fc44                        updates     11.2 KiB
l/kam-i3:latest_linux_amd64 =>  perl-HTTP-Tiny                 noarch 0:0.096-1.fc44                         updates    162.4 KiB
l/kam-i3:latest_linux_amd64 =>  perl-IO                        x86_64 0:1.55-524.fc44                        updates    147.3 KiB
l/kam-i3:latest_linux_amd64 =>  perl-IO-Socket-IP              noarch 0:0.43-522.fc44                        fedora     100.3 KiB
l/kam-i3:latest_linux_amd64 =>  perl-IO-Socket-SSL             noarch 0:2.098-2.fc44                         fedora     723.5 KiB
l/kam-i3:latest_linux_amd64 =>  perl-IPC-Open3                 noarch 0:1.24-524.fc44                        updates     27.7 KiB
l/kam-i3:latest_linux_amd64 =>  perl-JSON-XS                   x86_64 1:4.04-2.fc44                          fedora     266.8 KiB
l/kam-i3:latest_linux_amd64 =>  perl-MIME-Base32               noarch 0:1.303-25.fc44                        fedora      30.7 KiB
l/kam-i3:latest_linux_amd64 =>  perl-MIME-Base64               x86_64 0:3.16-521.fc44                        fedora      41.9 KiB
l/kam-i3:latest_linux_amd64 =>  perl-Net-SSLeay                x86_64 0:1.94-12.fc44                         fedora       1.3 MiB
l/kam-i3:latest_linux_amd64 =>  perl-POSIX                     x86_64 0:2.23-524.fc44                        updates    229.4 KiB
l/kam-i3:latest_linux_amd64 =>  perl-PathTools                 x86_64 0:3.94-521.fc44                        fedora     179.9 KiB
l/kam-i3:latest_linux_amd64 =>  perl-Pod-Escapes               noarch 1:1.07-521.fc44                        fedora      24.9 KiB
l/kam-i3:latest_linux_amd64 =>  perl-Pod-Perldoc               noarch 0:3.28.01-522.fc44                     fedora     163.7 KiB
l/kam-i3:latest_linux_amd64 =>  perl-Pod-Simple                noarch 1:3.47-4.fc44                          fedora     565.3 KiB
l/kam-i3:latest_linux_amd64 =>  perl-Pod-Usage                 noarch 4:2.05-521.fc44                        fedora      86.3 KiB
l/kam-i3:latest_linux_amd64 =>  perl-Scalar-List-Utils         x86_64 5:1.70-2.fc44                          fedora     144.8 KiB
l/kam-i3:latest_linux_amd64 =>  perl-SelectSaver               noarch 0:1.02-524.fc44                        updates      2.2 KiB
l/kam-i3:latest_linux_amd64 =>  perl-Socket                    x86_64 4:2.041-1.fc44                         updates    120.7 KiB
l/kam-i3:latest_linux_amd64 =>  perl-Storable                  x86_64 1:3.37-522.fc44                        fedora     235.1 KiB
l/kam-i3:latest_linux_amd64 =>  perl-Symbol                    noarch 0:1.09-524.fc44                        updates      6.8 KiB
l/kam-i3:latest_linux_amd64 =>  perl-Term-ANSIColor            noarch 0:5.01-522.fc44                        fedora      97.5 KiB
l/kam-i3:latest_linux_amd64 =>  perl-Term-Cap                  noarch 0:1.18-521.fc44                        fedora      29.3 KiB
l/kam-i3:latest_linux_amd64 =>  perl-Text-ParseWords           noarch 0:3.31-521.fc44                        fedora      13.6 KiB
l/kam-i3:latest_linux_amd64 =>  perl-Text-Tabs+Wrap            noarch 0:2024.001-521.fc44                    fedora      22.6 KiB
l/kam-i3:latest_linux_amd64 =>  perl-Time-HiRes                x86_64 4:1.9778-521.fc44                      fedora     115.6 KiB
l/kam-i3:latest_linux_amd64 =>  perl-Time-Local                noarch 2:1.350-521.fc44                       fedora      69.0 KiB
l/kam-i3:latest_linux_amd64 =>  perl-Types-Serialiser          noarch 0:1.01-15.fc44                         fedora      22.9 KiB
l/kam-i3:latest_linux_amd64 =>  perl-URI                       noarch 0:5.35-1.fc44                          updates    268.2 KiB
l/kam-i3:latest_linux_amd64 =>  perl-base                      noarch 0:2.27-524.fc44                        updates     12.6 KiB
l/kam-i3:latest_linux_amd64 =>  perl-common-sense              x86_64 0:3.7.5-21.fc44                        fedora      47.1 KiB
l/kam-i3:latest_linux_amd64 =>  perl-constant                  noarch 0:1.33-522.fc44                        fedora      26.2 KiB
l/kam-i3:latest_linux_amd64 =>  perl-encoding                  x86_64 4:3.00-521.fc44                        fedora     149.5 KiB
l/kam-i3:latest_linux_amd64 =>  perl-if                        noarch 0:0.61.000-524.fc44                    updates      5.8 KiB
l/kam-i3:latest_linux_amd64 =>  perl-interpreter               x86_64 4:5.42.2-524.fc44                      updates    118.7 KiB
l/kam-i3:latest_linux_amd64 =>  perl-libnet                    noarch 0:3.15-522.fc44                        fedora     289.4 KiB
l/kam-i3:latest_linux_amd64 =>  perl-libs                      x86_64 4:5.42.2-524.fc44                      updates     11.6 MiB
l/kam-i3:latest_linux_amd64 =>  perl-locale                    noarch 0:1.13-524.fc44                        updates      6.1 KiB
l/kam-i3:latest_linux_amd64 =>  perl-mro                       x86_64 0:1.29-524.fc44                        updates     41.4 KiB
l/kam-i3:latest_linux_amd64 =>  perl-open                      noarch 0:1.13-524.fc44                        updates     11.3 KiB
l/kam-i3:latest_linux_amd64 =>  perl-overload                  noarch 0:1.40-524.fc44                        updates     71.6 KiB
l/kam-i3:latest_linux_amd64 =>  perl-overloading               noarch 0:0.02-524.fc44                        updates      4.9 KiB
l/kam-i3:latest_linux_amd64 =>  perl-parent                    noarch 1:0.244-521.fc44                       fedora      10.3 KiB
l/kam-i3:latest_linux_amd64 =>  perl-podlators                 noarch 1:6.0.2-521.fc44                       fedora     317.5 KiB
l/kam-i3:latest_linux_amd64 =>  perl-vars                      noarch 0:1.05-524.fc44                        updates      3.9 KiB
l/kam-i3:latest_linux_amd64 =>  polkit-qt6-1                   x86_64 0:0.201.1-1.fc44                       updates    291.4 KiB
l/kam-i3:latest_linux_amd64 =>  qt6-filesystem                 x86_64 0:6.11.1-1.fc44                        updates      0.0   B
l/kam-i3:latest_linux_amd64 =>  qt6-qtbase                     x86_64 0:6.11.1-1.fc44                        updates     14.0 MiB
l/kam-i3:latest_linux_amd64 =>  qt6-qtbase-common              noarch 0:6.11.1-1.fc44                        updates     76.0   B
l/kam-i3:latest_linux_amd64 =>  qt6-qtbase-gui                 x86_64 0:6.11.1-1.fc44                        updates     27.5 MiB
l/kam-i3:latest_linux_amd64 =>  qt6-qtdeclarative              x86_64 0:6.11.1-3.fc44                        updates     59.2 MiB
l/kam-i3:latest_linux_amd64 =>  qt6-qtsvg                      x86_64 0:6.11.1-1.fc44                        updates    935.7 KiB
l/kam-i3:latest_linux_amd64 =>  rofi-themes                    noarch 0:2.0.0-2.fc44                         fedora     427.3 KiB
l/kam-i3:latest_linux_amd64 =>  setxkbmap                      x86_64 0:1.3.4-7.fc44                         fedora      31.0 KiB
l/kam-i3:latest_linux_amd64 =>  tslib                          x86_64 0:1.24-2.fc44                          fedora     402.7 KiB
l/kam-i3:latest_linux_amd64 =>  xcb-imdkit                     x86_64 0:1.0.9-6.fc44                         fedora     548.1 KiB
l/kam-i3:latest_linux_amd64 =>  xcb-util-cursor                x86_64 0:0.1.6-2.fc44                         fedora      23.1 KiB
l/kam-i3:latest_linux_amd64 =>  xcb-util-image                 x86_64 0:0.4.1-9.fc44                         fedora      22.0 KiB
l/kam-i3:latest_linux_amd64 =>  xcb-util-keysyms               x86_64 0:0.4.1-9.fc44                         fedora      16.6 KiB
l/kam-i3:latest_linux_amd64 =>  xcb-util-renderutil            x86_64 0:0.3.10-9.fc44                        fedora      24.2 KiB
l/kam-i3:latest_linux_amd64 =>  xcb-util-wm                    x86_64 0:0.4.2-9.fc44                         fedora      81.0 KiB
l/kam-i3:latest_linux_amd64 =>  xcb-util-xrm                   x86_64 0:1.3-17.fc44                          fedora      28.6 KiB
l/kam-i3:latest_linux_amd64 =>  xdg-user-dirs                  x86_64 0:0.18-11.fc43                         fedora     166.7 KiB
l/kam-i3:latest_linux_amd64 =>  xmodmap                        x86_64 0:1.0.11-10.fc44                       fedora      47.1 KiB
l/kam-i3:latest_linux_amd64 =>  xorg-x11-drv-libinput          x86_64 0:1.5.0-4.fc44                         fedora     105.6 KiB
l/kam-i3:latest_linux_amd64 =>  xorg-x11-fonts-misc            noarch 0:7.5-42.fc44                          fedora       6.1 MiB
l/kam-i3:latest_linux_amd64 =>  xorg-x11-server-common         x86_64 0:21.1.24-1.fc44                       updates    127.3 KiB
l/kam-i3:latest_linux_amd64 =>  xrdb                           x86_64 0:1.2.2-7.fc44                         fedora      42.4 KiB
l/kam-i3:latest_linux_amd64 =>  yajl                           x86_64 0:2.1.0-40.fc44                        fedora      81.7 KiB
l/kam-i3:latest_linux_amd64 => Installing weak dependencies:
l/kam-i3:latest_linux_amd64 =>  dex-autostart                  noarch 0:0.10.1-5.fc44                        fedora      42.0 KiB
l/kam-i3:latest_linux_amd64 =>  dmenu                          x86_64 0:5.4-3.fc44                           fedora      51.0 KiB
l/kam-i3:latest_linux_amd64 =>  gstreamer1-plugins-good-qt6    x86_64 0:1.28.5-1.fc44                        updates    223.8 KiB
l/kam-i3:latest_linux_amd64 =>  info                           x86_64 0:7.2-9.fc44                           fedora     365.6 KiB
l/kam-i3:latest_linux_amd64 =>  libtree-sitter-bash            x86_64 0:0.25.1-3.fc44                        fedora       1.3 MiB
l/kam-i3:latest_linux_amd64 =>  libtree-sitter-c               x86_64 0:0.24.1-5.fc44                        fedora     614.8 KiB
l/kam-i3:latest_linux_amd64 =>  libtree-sitter-c-sharp         x86_64 0:0.23.1-4.fc44                        fedora       5.7 MiB
l/kam-i3:latest_linux_amd64 =>  libtree-sitter-cmake           x86_64 0:0.7.2-1.fc44                         fedora      99.8 KiB
l/kam-i3:latest_linux_amd64 =>  libtree-sitter-cpp             x86_64 0:0.23.4-7.fc44                        fedora       3.3 MiB
l/kam-i3:latest_linux_amd64 =>  libtree-sitter-css             x86_64 0:0.25.0-2.fc44                        fedora     126.4 KiB
l/kam-i3:latest_linux_amd64 =>  libtree-sitter-elixir          x86_64 0:0.3.4-6.fc44                         fedora       1.4 MiB
l/kam-i3:latest_linux_amd64 =>  libtree-sitter-go              x86_64 0:0.25.0-3.fc44                        fedora     227.5 KiB
l/kam-i3:latest_linux_amd64 =>  libtree-sitter-heex            x86_64 0:0.8.1-1.fc44                         updates     33.7 KiB
l/kam-i3:latest_linux_amd64 =>  libtree-sitter-html            x86_64 0:0.23.2-3.fc44                        fedora      33.3 KiB
l/kam-i3:latest_linux_amd64 =>  libtree-sitter-java            x86_64 0:0.23.5-7.fc44                        fedora     416.4 KiB
l/kam-i3:latest_linux_amd64 =>  libtree-sitter-javascript      x86_64 0:0.25.0-2.fc44                        fedora     420.5 KiB
l/kam-i3:latest_linux_amd64 =>  libtree-sitter-jsdoc           x86_64 0:0.25.0-2.fc44                        fedora      45.1 KiB
l/kam-i3:latest_linux_amd64 =>  libtree-sitter-json            x86_64 0:0.24.8-7.fc44                        fedora      17.0 KiB
l/kam-i3:latest_linux_amd64 =>  libtree-sitter-lua             x86_64 0:0.4.1-3.fc44                         fedora      65.8 KiB
l/kam-i3:latest_linux_amd64 =>  libtree-sitter-php             x86_64 0:0.24.2-4.fc44                        fedora       2.0 MiB
l/kam-i3:latest_linux_amd64 =>  libtree-sitter-phpdoc          x86_64 0:0.1.8-2.fc44                         fedora     208.6 KiB
l/kam-i3:latest_linux_amd64 =>  libtree-sitter-python          x86_64 0:0.25.0-2.fc44                        fedora     467.7 KiB
l/kam-i3:latest_linux_amd64 =>  libtree-sitter-ruby            x86_64 0:0.23.1-4.fc44                        fedora       2.0 MiB
l/kam-i3:latest_linux_amd64 =>  libtree-sitter-rust            x86_64 0:0.24.2-1.fc44                        updates      1.1 MiB
l/kam-i3:latest_linux_amd64 =>  libtree-sitter-toml            x86_64 0:0.7.0-3.fc43                         fedora      37.2 KiB
l/kam-i3:latest_linux_amd64 =>  libtree-sitter-typescript      x86_64 0:0.23.2-5.fc44                        fedora       2.7 MiB
l/kam-i3:latest_linux_amd64 =>  libtree-sitter-yaml            x86_64 0:0.7.2-2.fc44                         fedora     202.5 KiB
l/kam-i3:latest_linux_amd64 =>  network-manager-applet         x86_64 0:1.36.0-7.fc44                        fedora     653.4 KiB
l/kam-i3:latest_linux_amd64 =>  perl-Guard                     x86_64 0:1.023-36.fc44                        fedora      36.9 KiB
l/kam-i3:latest_linux_amd64 =>  perl-NDBM_File                 x86_64 0:1.18-524.fc44                        updates     28.4 KiB
l/kam-i3:latest_linux_amd64 =>  perl-Sys-Syslog                x86_64 0:0.36-522.fc44                        fedora      94.6 KiB
l/kam-i3:latest_linux_amd64 =>  perl-Task-Weaken               noarch 0:1.06-23.fc44                         fedora      27.5 KiB
l/kam-i3:latest_linux_amd64 =>  perl-Unicode-Normalize         x86_64 0:1.32-521.fc44                        fedora     486.0 KiB
l/kam-i3:latest_linux_amd64 =>  qt6-qttranslations             noarch 0:6.11.1-1.fc44                        updates     15.4 MiB
l/kam-i3:latest_linux_amd64 =>  rxvt-unicode                   x86_64 0:9.31-15.fc44                         fedora       2.9 MiB
l/kam-i3:latest_linux_amd64 =>  xdriinfo                       x86_64 0:1.0.7-6.fc44                         fedora      29.7 KiB
l/kam-i3:latest_linux_amd64 =>  xss-lock                       x86_64 0:0.3.0^20140302git1e158fb20108-9.fc44 fedora      39.5 KiB
l/kam-i3:latest_linux_amd64 => 
l/kam-i3:latest_linux_amd64 => Transaction Summary:
l/kam-i3:latest_linux_amd64 =>  Installing:       199 packages
l/kam-i3:latest_linux_amd64 => 
l/kam-i3:latest_linux_amd64 => Total size of inbound packages is 216 MiB. Need to download 216 MiB.
l/kam-i3:latest_linux_amd64 => After this operation, 739 MiB extra will be used (install 739 MiB, remove 0 B).
l/kam-i3:latest_linux_amd64 => [  1/199] xorg-x11-xinit-0:1.4.3-4.fc44 100% | 160.4 KiB/s |  59.5 KiB |  00m00s
l/kam-i3:latest_linux_amd64 => [  2/199] xsetroot-0:1.1.3-4.fc44.x86_6 100% | 245.0 KiB/s |  19.6 KiB |  00m00s
l/kam-i3:latest_linux_amd64 => [  3/199] xrandr-0:1.5.3-4.fc44.x86_64  100% | 470.8 KiB/s |  46.6 KiB |  00m00s
l/kam-i3:latest_linux_amd64 => [  4/199] greetd-0:0.10.3-6.fc44.x86_64 100% | 811.0 KiB/s | 455.0 KiB |  00m01s
l/kam-i3:latest_linux_amd64 => [  5/199] jetbrains-mono-fonts-all-0:2. 100% |  97.9 KiB/s |   7.2 KiB |  00m00s
l/kam-i3:latest_linux_amd64 => [  6/199] tuigreet-0:0.9.1-7.fc44.x86_6 100% |   1.4 MiB/s | 917.4 KiB |  00m01s
l/kam-i3:latest_linux_amd64 => [  7/199] xset-0:1.2.5-9.fc44.x86_64    100% | 369.0 KiB/s |  27.7 KiB |  00m00s
l/kam-i3:latest_linux_amd64 => [  8/199] jetbrains-mono-fonts-0:2.304- 100% |   4.5 MiB/s | 771.5 KiB |  00m00s
l/kam-i3:latest_linux_amd64 => [  9/199] i3status-0:2.15-5.fc44.x86_64 100% | 885.6 KiB/s |  70.9 KiB |  00m00s
l/kam-i3:latest_linux_amd64 => [ 10/199] i3lock-0:2.16-2.fc44.x86_64   100% | 494.5 KiB/s |  39.6 KiB |  00m00s
l/kam-i3:latest_linux_amd64 => [ 11/199] rofi-0:2.0.0-2.fc44.x86_64    100% |   2.6 MiB/s | 296.7 KiB |  00m00s
l/kam-i3:latest_linux_amd64 => [ 12/199] i3-0:4.25.1-1.fc44.x86_64     100% |   1.4 MiB/s | 374.6 KiB |  00m00s
l/kam-i3:latest_linux_amd64 => [ 13/199] xterm-0:406-1.fc44.x86_64     100% |   5.4 MiB/s | 669.6 KiB |  00m00s
l/kam-i3:latest_linux_amd64 => [ 14/199] dbus-tools-1:1.16.2-1.fc44.x8 100% | 554.8 KiB/s |  44.4 KiB |  00m00s
l/kam-i3:latest_linux_amd64 => [ 15/199] dunst-0:1.13.2-1.fc44.x86_64  100% |   2.0 MiB/s | 160.6 KiB |  00m00s
l/kam-i3:latest_linux_amd64 => [ 16/199] setxkbmap-0:1.3.4-7.fc44.x86_ 100% | 287.9 KiB/s |  22.2 KiB |  00m00s
l/kam-i3:latest_linux_amd64 => [ 17/199] xmodmap-0:1.0.11-10.fc44.x86_ 100% | 437.1 KiB/s |  31.9 KiB |  00m00s
l/kam-i3:latest_linux_amd64 => [ 18/199] xrdb-0:1.2.2-7.fc44.x86_64    100% | 409.6 KiB/s |  29.1 KiB |  00m00s
l/kam-i3:latest_linux_amd64 => [ 19/199] libxkbcommon-x11-0:1.13.1-2.f 100% | 327.5 KiB/s |  23.3 KiB |  00m00s
l/kam-i3:latest_linux_amd64 => [ 20/199] perl-AnyEvent-I3-0:0.19-5.fc4 100% | 243.1 KiB/s |  18.5 KiB |  00m00s
l/kam-i3:latest_linux_amd64 => [ 21/199] jetbrains-mono-nl-fonts-0:2.3 100% |   2.9 MiB/s | 579.2 KiB |  00m00s
l/kam-i3:latest_linux_amd64 => [ 22/199] perl-File-Temp-1:0.231.200-2. 100% | 773.5 KiB/s |  59.6 KiB |  00m00s
l/kam-i3:latest_linux_amd64 => [ 23/199] perl-Getopt-Long-1:2.58-521.f 100% | 815.5 KiB/s |  63.6 KiB |  00m00s
l/kam-i3:latest_linux_amd64 => [ 24/199] perl-JSON-XS-1:4.04-2.fc44.x8 100% |   1.0 MiB/s | 108.7 KiB |  00m00s
l/kam-i3:latest_linux_amd64 => [ 25/199] perl-Pod-Usage-4:2.05-521.fc4 100% | 414.9 KiB/s |  40.7 KiB |  00m00s
l/kam-i3:latest_linux_amd64 => [ 26/199] perl-Scalar-List-Utils-5:1.70 100% | 828.6 KiB/s |  75.4 KiB |  00m00s
l/kam-i3:latest_linux_amd64 => [ 27/199] xcb-util-cursor-0:0.1.6-2.fc4 100% | 271.4 KiB/s |  18.7 KiB |  00m00s
l/kam-i3:latest_linux_amd64 => [ 28/199] xcb-util-keysyms-0:0.4.1-9.fc 100% | 188.7 KiB/s |  14.2 KiB |  00m00s
l/kam-i3:latest_linux_amd64 => [ 29/199] xcb-util-wm-0:0.4.2-9.fc44.x8 100% | 402.5 KiB/s |  30.6 KiB |  00m00s
l/kam-i3:latest_linux_amd64 => [ 30/199] xcb-util-xrm-0:1.3-17.fc44.x8 100% | 292.7 KiB/s |  20.5 KiB |  00m00s
l/kam-i3:latest_linux_amd64 => [ 31/199] yajl-0:2.1.0-40.fc44.x86_64   100% | 498.5 KiB/s |  39.4 KiB |  00m00s
l/kam-i3:latest_linux_amd64 => [ 32/199] libconfuse-0:3.3-16.fc44.x86_ 100% |   2.5 MiB/s | 211.5 KiB |  00m00s
l/kam-i3:latest_linux_amd64 => [ 33/199] xcb-util-image-0:0.4.1-9.fc44 100% | 248.1 KiB/s |  18.9 KiB |  00m00s
l/kam-i3:latest_linux_amd64 => [ 34/199] rofi-themes-0:2.0.0-2.fc44.no 100% |   2.4 MiB/s | 340.0 KiB |  00m00s
l/kam-i3:latest_linux_amd64 => [ 35/199] xcb-imdkit-0:1.0.9-6.fc44.x86 100% |   2.2 MiB/s | 333.1 KiB |  00m00s
l/kam-i3:latest_linux_amd64 => [ 36/199] xorg-x11-fonts-misc-0:7.5-42. 100% |  13.5 MiB/s |   5.2 MiB |  00m00s
l/kam-i3:latest_linux_amd64 => [ 37/199] libXScrnSaver-0:1.2.4-7.fc44. 100% | 312.8 KiB/s |  25.0 KiB |  00m00s
l/kam-i3:latest_linux_amd64 => [ 38/199] libXaw-0:1.0.16-5.fc44.x86_64 100% |   2.0 MiB/s | 204.1 KiB |  00m00s
l/kam-i3:latest_linux_amd64 => [ 39/199] perl-Carp-0:1.54-521.fc44.noa 100% | 383.8 KiB/s |  28.8 KiB |  00m00s
l/kam-i3:latest_linux_amd64 => [ 40/199] perl-AnyEvent-0:7.17-23.fc44. 100% |   4.5 MiB/s | 412.5 KiB |  00m00s
l/kam-i3:latest_linux_amd64 => [ 41/199] perl-Exporter-0:5.79-521.fc44 100% | 375.8 KiB/s |  30.8 KiB |  00m00s
l/kam-i3:latest_linux_amd64 => [ 42/199] perl-constant-0:1.33-522.fc44 100% | 327.1 KiB/s |  22.9 KiB |  00m00s
l/kam-i3:latest_linux_amd64 => [ 43/199] perl-File-Path-0:2.18-522.fc4 100% | 503.7 KiB/s |  35.3 KiB |  00m00s
l/kam-i3:latest_linux_amd64 => [ 44/199] perl-PathTools-0:3.94-521.fc4 100% |   1.2 MiB/s |  87.3 KiB |  00m00s
l/kam-i3:latest_linux_amd64 => [ 45/199] perl-parent-1:0.244-521.fc44. 100% | 190.8 KiB/s |  14.9 KiB |  00m00s
l/kam-i3:latest_linux_amd64 => [ 46/199] perl-Text-ParseWords-0:3.31-5 100% | 211.2 KiB/s |  16.5 KiB |  00m00s
l/kam-i3:latest_linux_amd64 => [ 47/199] perl-Storable-1:3.37-522.fc44 100% |   1.3 MiB/s | 100.9 KiB |  00m00s
l/kam-i3:latest_linux_amd64 => [ 48/199] perl-Types-Serialiser-0:1.01- 100% | 269.4 KiB/s |  19.4 KiB |  00m00s
l/kam-i3:latest_linux_amd64 => [ 49/199] perl-common-sense-0:3.7.5-21. 100% | 378.7 KiB/s |  29.5 KiB |  00m00s
l/kam-i3:latest_linux_amd64 => [ 50/199] perl-Pod-Perldoc-0:3.28.01-52 100% |   1.1 MiB/s |  86.1 KiB |  00m00s
l/kam-i3:latest_linux_amd64 => [ 51/199] xcb-util-renderutil-0:0.3.10- 100% | 242.1 KiB/s |  17.4 KiB |  00m00s
l/kam-i3:latest_linux_amd64 => [ 52/199] perl-podlators-1:6.0.2-521.fc 100% |   1.6 MiB/s | 128.5 KiB |  00m00s
l/kam-i3:latest_linux_amd64 => [ 53/199] mkfontscale-0:1.2.3-4.fc44.x8 100% | 400.7 KiB/s |  31.7 KiB |  00m00s
l/kam-i3:latest_linux_amd64 => [ 54/199] perl-Time-HiRes-4:1.9778-521. 100% | 828.9 KiB/s |  57.2 KiB |  00m00s
l/kam-i3:latest_linux_amd64 => [ 55/199] perl-Net-SSLeay-0:1.94-12.fc4 100% |   3.9 MiB/s | 373.4 KiB |  00m00s
l/kam-i3:latest_linux_amd64 => [ 56/199] perl-Pod-Simple-1:3.47-4.fc44 100% |   2.5 MiB/s | 220.0 KiB |  00m00s
l/kam-i3:latest_linux_amd64 => [ 57/199] perl-Term-ANSIColor-0:5.01-52 100% | 574.4 KiB/s |  47.7 KiB |  00m00s
l/kam-i3:latest_linux_amd64 => [ 58/199] perl-Term-Cap-0:1.18-521.fc44 100% | 278.5 KiB/s |  22.0 KiB |  00m00s
l/kam-i3:latest_linux_amd64 => [ 59/199] perl-MIME-Base64-0:3.16-521.f 100% | 376.8 KiB/s |  29.8 KiB |  00m00s
l/kam-i3:latest_linux_amd64 => [ 60/199] perl-Pod-Escapes-1:1.07-521.f 100% | 282.7 KiB/s |  19.8 KiB |  00m00s
l/kam-i3:latest_linux_amd64 => [ 61/199] perl-Text-Tabs+Wrap-0:2024.00 100% | 319.9 KiB/s |  21.8 KiB |  00m00s
l/kam-i3:latest_linux_amd64 => [ 62/199] xorg-x11-drv-libinput-0:1.5.0 100% | 750.4 KiB/s |  52.5 KiB |  00m00s
l/kam-i3:latest_linux_amd64 => [ 63/199] dejavu-sans-fonts-0:2.37-29.f 100% |   9.1 MiB/s |   1.3 MiB |  00m00s
l/kam-i3:latest_linux_amd64 => [ 64/199] imlib2-0:1.12.5-2.fc44.x86_64 100% |   3.1 MiB/s | 267.5 KiB |  00m00s
l/kam-i3:latest_linux_amd64 => [ 65/199] feh-0:3.12.2-2.fc44.x86_64    100% | 538.1 KiB/s | 164.1 KiB |  00m00s
l/kam-i3:latest_linux_amd64 => [ 66/199] emacs-1:30.2-25.fc44.x86_64   100% | 179.2 KiB/s |  10.8 KiB |  00m00s
l/kam-i3:latest_linux_amd64 => [ 67/199] libspectre-0:0.2.12-11.fc44.x 100% | 578.8 KiB/s |  45.1 KiB |  00m00s
l/kam-i3:latest_linux_amd64 => [ 68/199] lxqt-policykit-0:2.4.0-1.fc44 100% | 956.4 KiB/s |  65.0 KiB |  00m00s
l/kam-i3:latest_linux_amd64 => [ 69/199] xorg-x11-server-Xorg-0:21.1.2 100% |   2.7 MiB/s |   1.5 MiB |  00m01s
l/kam-i3:latest_linux_amd64 => [ 70/199] xorg-x11-server-common-0:21.1 100% | 196.9 KiB/s |  36.0 KiB |  00m00s
l/kam-i3:latest_linux_amd64 => [ 71/199] polkit-qt6-1-0:0.201.1-1.fc44 100% |   1.5 MiB/s |  95.1 KiB |  00m00s
l/kam-i3:latest_linux_amd64 => [ 72/199] liblxqt-0:2.4.0-2.fc44.x86_64 100% |   1.3 MiB/s | 185.3 KiB |  00m00s
l/kam-i3:latest_linux_amd64 => [ 73/199] double-conversion-0:3.4.0-3.f 100% | 769.9 KiB/s |  53.9 KiB |  00m00s
l/kam-i3:latest_linux_amd64 => [ 74/199] libb2-0:0.98.1-15.fc44.x86_64 100% | 385.1 KiB/s |  26.2 KiB |  00m00s
l/kam-i3:latest_linux_amd64 => [ 75/199] pcre2-utf16-0:10.47-1.fc44.1. 100% |   1.8 MiB/s | 256.3 KiB |  00m00s
l/kam-i3:latest_linux_amd64 => [ 76/199] mtdev-0:1.1.6-12.fc44.x86_64  100% | 158.1 KiB/s |  21.2 KiB |  00m00s
l/kam-i3:latest_linux_amd64 => [ 77/199] tslib-0:1.24-2.fc44.x86_64    100% | 974.9 KiB/s | 156.0 KiB |  00m00s
l/kam-i3:latest_linux_amd64 => [ 78/199] qt6-qtbase-gui-0:6.11.1-1.fc4 100% |  12.1 MiB/s |   8.7 MiB |  00m01s
l/kam-i3:latest_linux_amd64 => [ 79/199] qt6-qtbase-0:6.11.1-1.fc44.x8 100% |   5.4 MiB/s |   4.4 MiB |  00m01s
l/kam-i3:latest_linux_amd64 => [ 80/199] kf6-kwindowsystem-0:6.28.0-1. 100% | 772.8 KiB/s | 285.9 KiB |  00m00s
l/kam-i3:latest_linux_amd64 => [ 81/199] libqtxdg-0:4.4.0-3.fc44.x86_6 100% |   1.7 MiB/s | 166.1 KiB |  00m00s
l/kam-i3:latest_linux_amd64 => [ 82/199] xdg-user-dirs-0:0.18-11.fc43. 100% | 666.7 KiB/s |  82.0 KiB |  00m00s
l/kam-i3:latest_linux_amd64 => [ 83/199] kf6-filesystem-0:6.28.0-1.fc4 100% | 132.4 KiB/s |  11.3 KiB |  00m00s
l/kam-i3:latest_linux_amd64 => [ 84/199] kde-filesystem-0:5-7.fc44.x86 100% | 406.6 KiB/s |  37.8 KiB |  00m00s
l/kam-i3:latest_linux_amd64 => [ 85/199] gdk-pixbuf2-modules-extra-0:2 100% | 312.0 KiB/s |  40.6 KiB |  00m00s
l/kam-i3:latest_linux_amd64 => [ 86/199] libotf-0:0.9.16-8.fc44.x86_64 100% | 653.3 KiB/s | 105.2 KiB |  00m00s
l/kam-i3:latest_linux_amd64 => [ 87/199] libinput-0:1.31.3-1.fc44.x86_ 100% |   1.5 MiB/s | 277.8 KiB |  00m00s
l/kam-i3:latest_linux_amd64 => [ 88/199] perl-Encode-4:3.21-521.fc44.x 100% |   4.7 MiB/s |   1.1 MiB |  00m00s
l/kam-i3:latest_linux_amd64 => [ 89/199] perl-File-Basename-0:2.86-524 100% |  97.3 KiB/s |  16.9 KiB |  00m00s
l/kam-i3:latest_linux_amd64 => [ 90/199] perl-POSIX-0:2.23-524.fc44.x8 100% | 604.9 KiB/s |  96.8 KiB |  00m00s
l/kam-i3:latest_linux_amd64 => [ 91/199] perl-interpreter-4:5.42.2-524 100% | 409.9 KiB/s |  72.1 KiB |  00m00s
l/kam-i3:latest_linux_amd64 => [ 92/199] qt6-qtdeclarative-0:6.11.1-3. 100% |   9.9 MiB/s |  14.8 MiB |  00m01s
l/kam-i3:latest_linux_amd64 => [ 93/199] perl-Errno-0:1.38-524.fc44.x8 100% | 133.7 KiB/s |  14.7 KiB |  00m00s
l/kam-i3:latest_linux_amd64 => [ 94/199] perl-libs-4:5.42.2-524.fc44.x 100% |   6.0 MiB/s |   2.6 MiB |  00m00s
l/kam-i3:latest_linux_amd64 => [ 95/199] perl-overload-0:1.40-524.fc44 100% | 321.6 KiB/s |  45.3 KiB |  00m00s
l/kam-i3:latest_linux_amd64 => [ 96/199] perl-vars-0:1.05-524.fc44.noa 100% | 168.0 KiB/s |  12.8 KiB |  00m00s
l/kam-i3:latest_linux_amd64 => [ 97/199] perl-Fcntl-0:1.20-524.fc44.x8 100% | 364.4 KiB/s |  29.5 KiB |  00m00s
l/kam-i3:latest_linux_amd64 => [ 98/199] perl-IO-0:1.55-524.fc44.x86_6 100% |   1.0 MiB/s |  81.9 KiB |  00m00s
l/kam-i3:latest_linux_amd64 => [ 99/199] perl-Symbol-0:1.09-524.fc44.n 100% | 152.0 KiB/s |  14.0 KiB |  00m00s
l/kam-i3:latest_linux_amd64 => [100/199] perl-if-0:0.61.000-524.fc44.n 100% | 148.2 KiB/s |  13.8 KiB |  00m00s
l/kam-i3:latest_linux_amd64 => [101/199] perl-HTTP-Tiny-0:0.096-1.fc44 100% | 704.8 KiB/s |  57.8 KiB |  00m00s
l/kam-i3:latest_linux_amd64 => [102/199] perl-IO-Socket-SSL-0:2.098-2. 100% |   1.7 MiB/s | 234.7 KiB |  00m00s
l/kam-i3:latest_linux_amd64 => [103/199] perl-IO-Socket-IP-0:0.43-522. 100% | 479.1 KiB/s |  42.2 KiB |  00m00s
l/kam-i3:latest_linux_amd64 => [104/199] perl-IPC-Open3-0:1.24-524.fc4 100% | 311.8 KiB/s |  23.7 KiB |  00m00s
l/kam-i3:latest_linux_amd64 => [105/199] perl-AutoLoader-0:5.74-524.fc 100% | 256.3 KiB/s |  21.0 KiB |  00m00s
l/kam-i3:latest_linux_amd64 => [106/199] perl-Socket-4:2.041-1.fc44.x8 100% | 509.0 KiB/s |  55.0 KiB |  00m00s
l/kam-i3:latest_linux_amd64 => [107/199] perl-Time-Local-2:1.350-521.f 100% |  66.7 KiB/s |  34.5 KiB |  00m01s
l/kam-i3:latest_linux_amd64 => [108/199] perl-URI-0:5.35-1.fc44.noarch 100% |   1.4 MiB/s | 148.9 KiB |  00m00s
l/kam-i3:latest_linux_amd64 => [109/199] perl-MIME-Base32-0:1.303-25.f 100% | 211.5 KiB/s |  20.5 KiB |  00m00s
l/kam-i3:latest_linux_amd64 => [110/199] perl-Digest-MD5-0:2.59-521.fc 100% | 360.2 KiB/s |  36.0 KiB |  00m00s
l/kam-i3:latest_linux_amd64 => [111/199] perl-Digest-0:1.20-521.fc44.n 100% | 264.4 KiB/s |  24.9 KiB |  00m00s
l/kam-i3:latest_linux_amd64 => [112/199] emacs-gtk+x11-1:30.2-25.fc44. 100% |  11.6 MiB/s |  33.0 MiB |  00m03s
l/kam-i3:latest_linux_amd64 => [113/199] perl-libnet-0:3.15-522.fc44.n 100% | 383.3 KiB/s | 128.4 KiB |  00m00s
l/kam-i3:latest_linux_amd64 => [114/199] perl-base-0:2.27-524.fc44.noa 100% | 210.4 KiB/s |  16.0 KiB |  00m00s
l/kam-i3:latest_linux_amd64 => [115/199] perl-Getopt-Std-0:1.14-524.fc 100% | 241.8 KiB/s |  15.5 KiB |  00m00s
l/kam-i3:latest_linux_amd64 => [116/199] i3status-config-0:2.15-5.fc44 100% | 111.9 KiB/s |   8.4 KiB |  00m00s
l/kam-i3:latest_linux_amd64 => [117/199] perl-B-0:1.89-524.fc44.x86_64 100% |   1.3 MiB/s | 177.7 KiB |  00m00s
l/kam-i3:latest_linux_amd64 => [118/199] i3-config-0:4.25.1-1.fc44.noa 100% | 133.7 KiB/s |  11.2 KiB |  00m00s
l/kam-i3:latest_linux_amd64 => [119/199] perl-Data-Dumper-0:2.192-523. 100% | 632.1 KiB/s |  56.3 KiB |  00m00s
l/kam-i3:latest_linux_amd64 => [120/199] perl-File-Find-0:1.44-524.fc4 100% | 335.0 KiB/s |  25.1 KiB |  00m00s
l/kam-i3:latest_linux_amd64 => [121/199] perl-open-0:1.13-524.fc44.noa 100% | 250.8 KiB/s |  16.3 KiB |  00m00s
l/kam-i3:latest_linux_amd64 => [122/199] perl-encoding-4:3.00-521.fc44 100% | 861.8 KiB/s |  62.9 KiB |  00m00s
l/kam-i3:latest_linux_amd64 => [123/199] qt6-qtsvg-0:6.11.1-1.fc44.x86 100% |   2.8 MiB/s | 318.6 KiB |  00m00s
l/kam-i3:latest_linux_amd64 => [124/199] perl-Filter-2:1.65-2.fc44.x86 100% | 705.3 KiB/s |  86.0 KiB |  00m00s
l/kam-i3:latest_linux_amd64 => [125/199] glx-utils-0:9.0.0-11.fc44.x86 100% | 718.9 KiB/s |  70.4 KiB |  00m00s
l/kam-i3:latest_linux_amd64 => [126/199] qt6-filesystem-0:6.11.1-1.fc4 100% | 173.5 KiB/s |  10.6 KiB |  00m00s
l/kam-i3:latest_linux_amd64 => [127/199] qt6-qtbase-common-0:6.11.1-1. 100% | 174.7 KiB/s |  11.4 KiB |  00m00s
l/kam-i3:latest_linux_amd64 => [128/199] perl-mro-0:1.29-524.fc44.x86_ 100% | 519.2 KiB/s |  29.6 KiB |  00m00s
l/kam-i3:latest_linux_amd64 => [129/199] perl-overloading-0:0.02-524.f 100% | 211.3 KiB/s |  12.7 KiB |  00m00s
l/kam-i3:latest_linux_amd64 => [130/199] perl-DynaLoader-0:1.57-524.fc 100% | 422.6 KiB/s |  25.8 KiB |  00m00s
l/kam-i3:latest_linux_amd64 => [131/199] perl-locale-0:1.13-524.fc44.n 100% | 195.3 KiB/s |  13.3 KiB |  00m00s
l/kam-i3:latest_linux_amd64 => [132/199] perl-File-stat-0:1.14-524.fc4 100% | 230.7 KiB/s |  16.8 KiB |  00m00s
l/kam-i3:latest_linux_amd64 => [133/199] perl-SelectSaver-0:1.02-524.f 100% | 166.7 KiB/s |  11.5 KiB |  00m00s
l/kam-i3:latest_linux_amd64 => [134/199] perl-Class-Struct-0:0.68-524. 100% | 303.7 KiB/s |  21.9 KiB |  00m00s
l/kam-i3:latest_linux_amd64 => [135/199] libwacom-0:2.19.0-1.fc44.x86_ 100% | 873.3 KiB/s |  52.4 KiB |  00m00s
l/kam-i3:latest_linux_amd64 => [136/199] emacsclient-1:30.2-25.fc44.x8 100% | 388.1 KiB/s |  39.6 KiB |  00m00s
l/kam-i3:latest_linux_amd64 => [137/199] perl-FileHandle-0:2.05-524.fc 100% | 121.2 KiB/s |  15.3 KiB |  00m00s
l/kam-i3:latest_linux_amd64 => [138/199] libwacom-data-0:2.19.0-1.fc44 100% |   1.8 MiB/s | 346.9 KiB |  00m00s
l/kam-i3:latest_linux_amd64 => [139/199] libmpc-0:1.4.1-1.fc44.x86_64  100% | 477.7 KiB/s |  75.5 KiB |  00m00s
l/kam-i3:latest_linux_amd64 => [140/199] libgccjit-0:16.1.1-2.fc44.x86 100% |   9.5 MiB/s |  13.1 MiB |  00m01s
l/kam-i3:latest_linux_amd64 => [141/199] make-1:4.4.1-12.fc44.x86_64   100% |   4.0 MiB/s | 588.7 KiB |  00m00s
l/kam-i3:latest_linux_amd64 => [142/199] binutils-0:2.46.1-1.fc44.x86_ 100% |   7.1 MiB/s |   6.2 MiB |  00m01s
l/kam-i3:latest_linux_amd64 => [143/199] glibc-devel-0:2.43-7.fc44.x86 100% |   4.6 MiB/s | 617.2 KiB |  00m00s
l/kam-i3:latest_linux_amd64 => [144/199] libxcrypt-devel-0:4.5.2-3.fc4 100% | 288.7 KiB/s |  30.0 KiB |  00m00s
l/kam-i3:latest_linux_amd64 => [145/199] cpp-0:16.1.1-2.fc44.x86_64    100% |   6.8 MiB/s |  14.5 MiB |  00m02s
l/kam-i3:latest_linux_amd64 => [146/199] libatomic-0:16.1.1-2.fc44.x86 100% | 570.4 KiB/s |  50.2 KiB |  00m00s
l/kam-i3:latest_linux_amd64 => [147/199] kernel-headers-0:7.1.3-200.fc 100% |   7.1 MiB/s |   1.7 MiB |  00m00s
l/kam-i3:latest_linux_amd64 => [148/199] libtree-sitter0.25-0:0.25.10- 100% |   1.1 MiB/s | 111.7 KiB |  00m00s
l/kam-i3:latest_linux_amd64 => [149/199] greetd-selinux-0:0.10.3-6.fc4 100% |  50.7 KiB/s |  20.2 KiB |  00m00s
l/kam-i3:latest_linux_amd64 => [150/199] ibus-panel-0:1.5.34-4.fc44.x8 100% |   1.3 MiB/s | 128.1 KiB |  00m00s
l/kam-i3:latest_linux_amd64 => [151/199] gcc-0:16.1.1-2.fc44.x86_64    100% |   8.4 MiB/s |  43.1 MiB |  00m05s
l/kam-i3:latest_linux_amd64 => [152/199] libdbusmenu-0:16.04.0-31.fc44 100% | 547.3 KiB/s | 133.5 KiB |  00m00s
l/kam-i3:latest_linux_amd64 => [153/199] ibus-xinit-0:1.5.34-4.fc44.no 100% | 301.2 KiB/s |  18.1 KiB |  00m00s
l/kam-i3:latest_linux_amd64 => [154/199] gstreamer1-plugins-good-qt6-0 100% |   1.4 MiB/s |  90.0 KiB |  00m00s
l/kam-i3:latest_linux_amd64 => [155/199] libdbusmenu-gtk3-0:16.04.0-31 100% | 114.6 KiB/s |  38.3 KiB |  00m00s
l/kam-i3:latest_linux_amd64 => [156/199] dmenu-0:5.4-3.fc44.x86_64     100% | 380.5 KiB/s |  31.6 KiB |  00m00s
l/kam-i3:latest_linux_amd64 => [157/199] emacs-common-1:30.2-25.fc44.x 100% |   6.9 MiB/s |  43.0 MiB |  00m06s
l/kam-i3:latest_linux_amd64 => [158/199] libappindicator-gtk3-0:12.10. 100% | 367.2 KiB/s |  45.5 KiB |  00m00s
l/kam-i3:latest_linux_amd64 => [159/199] libnma-0:1.10.6-11.fc44.x86_6 100% |   1.0 MiB/s | 110.7 KiB |  00m00s
l/kam-i3:latest_linux_amd64 => [160/199] network-manager-applet-0:1.36 100% | 777.3 KiB/s | 215.3 KiB |  00m00s
l/kam-i3:latest_linux_amd64 => [161/199] libnma-common-0:1.10.6-11.fc4 100% |   1.4 MiB/s | 190.6 KiB |  00m00s
l/kam-i3:latest_linux_amd64 => [162/199] gcr-libs-0:4.4.0.1-7.fc44.x86 100% |   2.3 MiB/s | 501.1 KiB |  00m00s
l/kam-i3:latest_linux_amd64 => [163/199] mobile-broadband-provider-inf 100% | 852.4 KiB/s |  69.0 KiB |  00m00s
l/kam-i3:latest_linux_amd64 => [164/199] dex-autostart-0:0.10.1-5.fc44 100% | 261.9 KiB/s |  19.1 KiB |  00m00s
l/kam-i3:latest_linux_amd64 => [165/199] xss-lock-0:0.3.0^20140302git1 100% | 367.9 KiB/s |  28.0 KiB |  00m00s
l/kam-i3:latest_linux_amd64 => [166/199] perl-Sys-Syslog-0:0.36-522.fc 100% | 619.2 KiB/s |  46.4 KiB |  00m00s
l/kam-i3:latest_linux_amd64 => [167/199] perl-Unicode-Normalize-0:1.32 100% | 865.5 KiB/s |  74.4 KiB |  00m00s
l/kam-i3:latest_linux_amd64 => [168/199] perl-Task-Weaken-0:1.06-23.fc 100% | 273.6 KiB/s |  20.8 KiB |  00m00s
l/kam-i3:latest_linux_amd64 => [169/199] perl-Guard-0:1.023-36.fc44.x8 100% | 258.4 KiB/s |  22.7 KiB |  00m00s
l/kam-i3:latest_linux_amd64 => [170/199] perl-NDBM_File-0:1.18-524.fc4 100% | 398.1 KiB/s |  22.3 KiB |  00m00s
l/kam-i3:latest_linux_amd64 => [171/199] nm-connection-editor-0:1.36.0 100% |   1.3 MiB/s | 862.1 KiB |  00m01s
l/kam-i3:latest_linux_amd64 => [172/199] libptytty-0:2.0-14.fc44.x86_6 100% | 305.6 KiB/s |  25.4 KiB |  00m00s
l/kam-i3:latest_linux_amd64 => [173/199] rxvt-unicode-0:9.31-15.fc44.x 100% |   4.4 MiB/s | 768.3 KiB |  00m00s
l/kam-i3:latest_linux_amd64 => [174/199] xdriinfo-0:1.0.7-6.fc44.x86_6 100% | 234.2 KiB/s |  21.3 KiB |  00m00s
l/kam-i3:latest_linux_amd64 => [175/199] qt6-qttranslations-0:6.11.1-1 100% |   6.3 MiB/s |   2.1 MiB |  00m00s
l/kam-i3:latest_linux_amd64 => [176/199] libtree-sitter-heex-0:0.8.1-1 100% | 294.5 KiB/s |  18.8 KiB |  00m00s
l/kam-i3:latest_linux_amd64 => [177/199] info-0:7.2-9.fc44.x86_64      100% |   2.2 MiB/s | 186.7 KiB |  00m00s
l/kam-i3:latest_linux_amd64 => [178/199] libtree-sitter-rust-0:0.24.2- 100% |   1.4 MiB/s | 101.1 KiB |  00m00s
l/kam-i3:latest_linux_amd64 => [179/199] libtree-sitter-bash-0:0.25.1- 100% |   1.9 MiB/s | 157.7 KiB |  00m00s
l/kam-i3:latest_linux_amd64 => [180/199] libtree-sitter-c-0:0.24.1-5.f 100% | 778.4 KiB/s |  69.3 KiB |  00m00s
l/kam-i3:latest_linux_amd64 => [181/199] libtree-sitter-c-sharp-0:0.23 100% |   2.7 MiB/s | 228.4 KiB |  00m00s
l/kam-i3:latest_linux_amd64 => [182/199] libtree-sitter-cmake-0:0.7.2- 100% | 350.0 KiB/s |  28.7 KiB |  00m00s
l/kam-i3:latest_linux_amd64 => [183/199] libtree-sitter-css-0:0.25.0-2 100% | 429.6 KiB/s |  33.1 KiB |  00m00s
l/kam-i3:latest_linux_amd64 => [184/199] libtree-sitter-cpp-0:0.23.4-7 100% |   1.8 MiB/s | 197.2 KiB |  00m00s
l/kam-i3:latest_linux_amd64 => [185/199] libtree-sitter-elixir-0:0.3.4 100% |   1.4 MiB/s | 127.1 KiB |  00m00s
l/kam-i3:latest_linux_amd64 => [186/199] libtree-sitter-html-0:0.23.2- 100% | 254.5 KiB/s |  20.6 KiB |  00m00s
l/kam-i3:latest_linux_amd64 => [187/199] libtree-sitter-go-0:0.25.0-3. 100% | 471.7 KiB/s |  43.9 KiB |  00m00s
l/kam-i3:latest_linux_amd64 => [188/199] libtree-sitter-java-0:0.23.5- 100% | 576.4 KiB/s |  54.2 KiB |  00m00s
l/kam-i3:latest_linux_amd64 => [189/199] libtree-sitter-jsdoc-0:0.25.0 100% | 331.5 KiB/s |  22.5 KiB |  00m00s
l/kam-i3:latest_linux_amd64 => [190/199] libtree-sitter-javascript-0:0 100% | 693.0 KiB/s |  56.8 KiB |  00m00s
l/kam-i3:latest_linux_amd64 => [191/199] libtree-sitter-json-0:0.24.8- 100% | 181.1 KiB/s |  14.5 KiB |  00m00s
l/kam-i3:latest_linux_amd64 => [192/199] libtree-sitter-lua-0:0.4.1-3. 100% | 327.7 KiB/s |  24.9 KiB |  00m00s
l/kam-i3:latest_linux_amd64 => [193/199] libtree-sitter-php-0:0.24.2-4 100% |   1.5 MiB/s | 153.1 KiB |  00m00s
l/kam-i3:latest_linux_amd64 => [194/199] libtree-sitter-phpdoc-0:0.1.8 100% | 570.2 KiB/s |  41.6 KiB |  00m00s
l/kam-i3:latest_linux_amd64 => [195/199] libtree-sitter-python-0:0.25. 100% | 921.2 KiB/s |  67.2 KiB |  00m00s
l/kam-i3:latest_linux_amd64 => [196/199] libtree-sitter-ruby-0:0.23.1- 100% |   1.3 MiB/s | 128.6 KiB |  00m00s
l/kam-i3:latest_linux_amd64 => [197/199] libtree-sitter-toml-0:0.7.0-3 100% | 272.7 KiB/s |  19.6 KiB |  00m00s
l/kam-i3:latest_linux_amd64 => [198/199] libtree-sitter-typescript-0:0 100% |   2.5 MiB/s | 212.0 KiB |  00m00s
l/kam-i3:latest_linux_amd64 => [199/199] libtree-sitter-yaml-0:0.7.2-2 100% | 466.8 KiB/s |  45.3 KiB |  00m00s
l/kam-i3:latest_linux_amd64 => --------------------------------------------------------------------------------
l/kam-i3:latest_linux_amd64 => [199/199] Total                         100% |  13.5 MiB/s | 216.0 MiB |  00m16s
l/kam-i3:latest_linux_amd64 => Running transaction
l/kam-i3:latest_linux_amd64 => [  1/201] Verify package files          100% | 320.0   B/s | 199.0   B |  00m01s
l/kam-i3:latest_linux_amd64 => [  2/201] Prepare transaction           100% | 822.0   B/s | 199.0   B |  00m00s
l/kam-i3:latest_linux_amd64 => [  3/201] Installing libtree-sitter0.25 100% |  23.2 MiB/s | 213.7 KiB |  00m00s
l/kam-i3:latest_linux_amd64 => [  4/201] Installing perl-Digest-0:1.20 100% |  12.1 MiB/s |  37.1 KiB |  00m00s
l/kam-i3:latest_linux_amd64 => [  5/201] Installing perl-FileHandle-0: 100% |   9.6 MiB/s |   9.8 KiB |  00m00s
l/kam-i3:latest_linux_amd64 => [  6/201] Installing perl-B-0:1.89-524. 100% |  98.5 MiB/s | 504.5 KiB |  00m00s
l/kam-i3:latest_linux_amd64 => [  7/201] Installing perl-Digest-MD5-0: 100% |  20.0 MiB/s |  61.5 KiB |  00m00s
l/kam-i3:latest_linux_amd64 => [  8/201] Installing perl-libnet-0:3.15 100% |  48.0 MiB/s | 294.7 KiB |  00m00s
l/kam-i3:latest_linux_amd64 => [  9/201] Installing perl-Data-Dumper-0 100% |  57.3 MiB/s | 117.4 KiB |  00m00s
l/kam-i3:latest_linux_amd64 => [ 10/201] Installing perl-MIME-Base32-0 100% |  15.7 MiB/s |  32.2 KiB |  00m00s
l/kam-i3:latest_linux_amd64 => [ 11/201] Installing perl-URI-0:5.35-1. 100% |  21.2 MiB/s | 282.0 KiB |  00m00s
l/kam-i3:latest_linux_amd64 => [ 12/201] Installing perl-IO-Socket-IP- 100% |  49.9 MiB/s | 102.2 KiB |  00m00s
l/kam-i3:latest_linux_amd64 => [ 13/201] Installing perl-AutoLoader-0: 100% |  20.5 MiB/s |  21.0 KiB |  00m00s
l/kam-i3:latest_linux_amd64 => [ 14/201] Installing perl-IO-Socket-SSL 100% | 118.4 MiB/s | 727.6 KiB |  00m00s
l/kam-i3:latest_linux_amd64 => [ 15/201] Installing perl-locale-0:1.13 100% |   6.4 MiB/s |   6.5 KiB |  00m00s
l/kam-i3:latest_linux_amd64 => [ 16/201] Installing perl-Net-SSLeay-0: 100% |  79.2 MiB/s |   1.3 MiB |  00m00s
l/kam-i3:latest_linux_amd64 => [ 17/201] Installing perl-Time-Local-2: 100% |  34.5 MiB/s |  70.6 KiB |  00m00s
l/kam-i3:latest_linux_amd64 => [ 18/201] Installing perl-if-0:0.61.000 100% |   6.1 MiB/s |   6.2 KiB |  00m00s
l/kam-i3:latest_linux_amd64 => [ 19/201] Installing perl-Pod-Escapes-1 100% |  25.3 MiB/s |  25.9 KiB |  00m00s
l/kam-i3:latest_linux_amd64 => [ 20/201] Installing perl-File-Path-0:2 100% |  63.0 MiB/s |  64.5 KiB |  00m00s
l/kam-i3:latest_linux_amd64 => [ 21/201] Installing perl-Text-Tabs+Wra 100% |  23.3 MiB/s |  23.9 KiB |  00m00s
l/kam-i3:latest_linux_amd64 => [ 22/201] Installing perl-Time-HiRes-4: 100% |  38.3 MiB/s | 117.7 KiB |  00m00s
l/kam-i3:latest_linux_amd64 => [ 23/201] Installing perl-File-Temp-1:0 100% |  80.8 MiB/s | 165.5 KiB |  00m00s
l/kam-i3:latest_linux_amd64 => [ 24/201] Installing perl-HTTP-Tiny-0:0 100% |  80.3 MiB/s | 164.5 KiB |  00m00s
l/kam-i3:latest_linux_amd64 => [ 25/201] Installing perl-Class-Struct- 100% |  25.3 MiB/s |  25.9 KiB |  00m00s
l/kam-i3:latest_linux_amd64 => [ 26/201] Installing perl-IPC-Open3-0:1 100% |  27.8 MiB/s |  28.5 KiB |  00m00s
l/kam-i3:latest_linux_amd64 => [ 27/201] Installing perl-POSIX-0:2.23- 100% | 112.6 MiB/s | 230.6 KiB |  00m00s
l/kam-i3:latest_linux_amd64 => [ 28/201] Installing perl-Pod-Simple-1: 100% |  62.4 MiB/s | 574.9 KiB |  00m00s
l/kam-i3:latest_linux_amd64 => [ 29/201] Installing perl-Term-Cap-0:1. 100% |  14.9 MiB/s |  30.6 KiB |  00m00s
l/kam-i3:latest_linux_amd64 => [ 30/201] Installing perl-Term-ANSIColo 100% |  48.4 MiB/s |  99.2 KiB |  00m00s
l/kam-i3:latest_linux_amd64 => [ 31/201] Installing perl-Pod-Perldoc-0 100% |   9.7 MiB/s | 169.2 KiB |  00m00s
l/kam-i3:latest_linux_amd64 => [ 32/201] Installing perl-podlators-1:6 100% |  18.5 MiB/s | 321.4 KiB |  00m00s
l/kam-i3:latest_linux_amd64 => [ 33/201] Installing perl-File-stat-0:1 100% |  12.8 MiB/s |  13.1 KiB |  00m00s
l/kam-i3:latest_linux_amd64 => [ 34/201] Installing perl-SelectSaver-0 100% |   2.6 MiB/s |   2.6 KiB |  00m00s
l/kam-i3:latest_linux_amd64 => [ 35/201] Installing perl-Socket-4:2.04 100% |  39.9 MiB/s | 122.7 KiB |  00m00s
l/kam-i3:latest_linux_amd64 => [ 36/201] Installing perl-Symbol-0:1.09 100% |   7.1 MiB/s |   7.3 KiB |  00m00s
l/kam-i3:latest_linux_amd64 => [ 37/201] Installing perl-Pod-Usage-4:2 100% |   6.6 MiB/s |  87.9 KiB |  00m00s
l/kam-i3:latest_linux_amd64 => [ 38/201] Installing perl-IO-0:1.55-524 100% |  24.7 MiB/s | 151.5 KiB |  00m00s
l/kam-i3:latest_linux_amd64 => [ 39/201] Installing perl-overloading-0 100% |   5.4 MiB/s |   5.6 KiB |  00m00s
l/kam-i3:latest_linux_amd64 => [ 40/201] Installing perl-mro-0:1.29-52 100% |  20.8 MiB/s |  42.6 KiB |  00m00s
l/kam-i3:latest_linux_amd64 => [ 41/201] Installing perl-base-0:2.27-5 100% |  12.7 MiB/s |  13.0 KiB |  00m00s
l/kam-i3:latest_linux_amd64 => [ 42/201] Installing perl-Fcntl-0:1.20- 100% |  24.3 MiB/s |  49.8 KiB |  00m00s
l/kam-i3:latest_linux_amd64 => [ 43/201] Installing perl-Text-ParseWor 100% |  14.2 MiB/s |  14.6 KiB |  00m00s
l/kam-i3:latest_linux_amd64 => [ 44/201] Installing perl-Getopt-Long-1 100% |  47.9 MiB/s | 147.2 KiB |  00m00s
l/kam-i3:latest_linux_amd64 => [ 45/201] Installing perl-Storable-1:3. 100% |  77.1 MiB/s | 236.7 KiB |  00m00s
l/kam-i3:latest_linux_amd64 => [ 46/201] Installing perl-overload-0:1. 100% |  70.3 MiB/s |  72.0 KiB |  00m00s
l/kam-i3:latest_linux_amd64 => [ 47/201] Installing perl-Getopt-Std-0: 100% |  11.5 MiB/s |  11.8 KiB |  00m00s
l/kam-i3:latest_linux_amd64 => [ 48/201] Installing perl-vars-0:1.05-5 100% |   4.2 MiB/s |   4.3 KiB |  00m00s
l/kam-i3:latest_linux_amd64 => [ 49/201] Installing perl-Errno-0:1.38- 100% |   8.6 MiB/s |   8.8 KiB |  00m00s
l/kam-i3:latest_linux_amd64 => [ 50/201] Installing perl-File-Basename 100% |  14.3 MiB/s |  14.6 KiB |  00m00s
l/kam-i3:latest_linux_amd64 => [ 51/201] Installing perl-MIME-Base64-0 100% |  14.4 MiB/s |  44.2 KiB |  00m00s
l/kam-i3:latest_linux_amd64 => [ 52/201] Installing perl-parent-1:0.24 100% |  10.7 MiB/s |  11.0 KiB |  00m00s
l/kam-i3:latest_linux_amd64 => [ 53/201] Installing perl-constant-0:1. 100% |  26.7 MiB/s |  27.4 KiB |  00m00s
l/kam-i3:latest_linux_amd64 => [ 54/201] Installing perl-Scalar-List-U 100% |  29.0 MiB/s | 148.5 KiB |  00m00s
l/kam-i3:latest_linux_amd64 => [ 55/201] Installing perl-Encode-4:3.21 100% | 138.0 MiB/s |   4.7 MiB |  00m00s
l/kam-i3:latest_linux_amd64 => [ 56/201] Installing perl-DynaLoader-0: 100% |  31.7 MiB/s |  32.5 KiB |  00m00s
l/kam-i3:latest_linux_amd64 => [ 57/201] Installing perl-PathTools-0:3 100% |  30.0 MiB/s | 184.4 KiB |  00m00s
l/kam-i3:latest_linux_amd64 => [ 58/201] Installing perl-Exporter-0:5. 100% |  54.3 MiB/s |  55.6 KiB |  00m00s
l/kam-i3:latest_linux_amd64 => [ 59/201] Installing perl-Carp-0:1.54-5 100% |  15.5 MiB/s |  47.7 KiB |  00m00s
l/kam-i3:latest_linux_amd64 => [ 60/201] Installing perl-libs-4:5.42.2 100% |  92.7 MiB/s |  11.7 MiB |  00m00s
l/kam-i3:latest_linux_amd64 => [ 61/201] Installing perl-interpreter-4 100% |   8.4 MiB/s | 120.4 KiB |  00m00s
l/kam-i3:latest_linux_amd64 => [ 62/201] Installing xcb-util-keysyms-0 100% |   8.6 MiB/s |  17.7 KiB |  00m00s
l/kam-i3:latest_linux_amd64 => [ 63/201] Installing libxkbcommon-x11-0 100% |  17.7 MiB/s |  36.3 KiB |  00m00s
l/kam-i3:latest_linux_amd64 => [ 64/201] Installing libdbusmenu-0:16.0 100% | 105.9 MiB/s | 542.2 KiB |  00m00s
l/kam-i3:latest_linux_amd64 => [ 65/201] Installing libmpc-0:1.4.1-1.f 100% |  55.5 MiB/s | 170.4 KiB |  00m00s
l/kam-i3:latest_linux_amd64 => [ 66/201] Installing xcb-util-image-0:0 100% |  11.5 MiB/s |  23.5 KiB |  00m00s
l/kam-i3:latest_linux_amd64 => [ 67/201] Installing xcb-util-wm-0:0.4. 100% |  20.3 MiB/s |  83.0 KiB |  00m00s
l/kam-i3:latest_linux_amd64 => [ 68/201] Installing libdbusmenu-gtk3-0 100% |  29.1 MiB/s |  89.3 KiB |  00m00s
l/kam-i3:latest_linux_amd64 => [ 69/201] Installing perl-common-sense- 100% |  23.9 MiB/s |  49.0 KiB |  00m00s
l/kam-i3:latest_linux_amd64 => [ 70/201] Installing mtdev-0:1.1.6-12.f 100% |  14.8 MiB/s |  30.3 KiB |  00m00s
l/kam-i3:latest_linux_amd64 => [ 71/201] Installing xcb-util-renderuti 100% |   8.4 MiB/s |  25.7 KiB |  00m00s
l/kam-i3:latest_linux_amd64 => [ 72/201] Installing xcb-util-cursor-0: 100% |   8.0 MiB/s |  24.5 KiB |  00m00s
l/kam-i3:latest_linux_amd64 => [ 73/201] Installing libXScrnSaver-0:1. 100% |  24.9 MiB/s |  50.9 KiB |  00m00s
l/kam-i3:latest_linux_amd64 => [ 74/201] Installing libXaw-0:1.0.16-5. 100% | 127.1 MiB/s | 520.5 KiB |  00m00s
l/kam-i3:latest_linux_amd64 => [ 75/201] Installing yajl-0:2.1.0-40.fc 100% |   5.5 MiB/s |  84.2 KiB |  00m00s
l/kam-i3:latest_linux_amd64 => [ 76/201] Installing xcb-util-xrm-0:1.3 100% |   9.7 MiB/s |  29.7 KiB |  00m00s
l/kam-i3:latest_linux_amd64 => [ 77/201] Installing setxkbmap-0:1.3.4- 100% |   2.6 MiB/s |  32.1 KiB |  00m00s
l/kam-i3:latest_linux_amd64 => [ 78/201] Installing libotf-0:0.9.16-8. 100% |  14.7 MiB/s | 241.4 KiB |  00m00s
l/kam-i3:latest_linux_amd64 => [ 79/201] Installing perl-Types-Seriali 100% |  12.1 MiB/s |  24.8 KiB |  00m00s
l/kam-i3:latest_linux_amd64 => [ 80/201] Installing perl-JSON-XS-1:4.0 100% |  17.6 MiB/s | 270.0 KiB |  00m00s
l/kam-i3:latest_linux_amd64 => [ 81/201] Installing libappindicator-gt 100% |  26.9 MiB/s | 110.1 KiB |  00m00s
l/kam-i3:latest_linux_amd64 => [ 82/201] Installing cpp-0:16.1.1-2.fc4 100% | 350.6 MiB/s |  42.1 MiB |  00m00s
l/kam-i3:latest_linux_amd64 => [ 83/201] Installing perl-AnyEvent-0:7. 100% |  80.5 MiB/s | 988.6 KiB |  00m00s
l/kam-i3:latest_linux_amd64 => [ 84/201] Installing perl-AnyEvent-I3-0 100% |  21.4 MiB/s |  21.9 KiB |  00m00s
l/kam-i3:latest_linux_amd64 => [ 85/201] Installing perl-File-Find-0:1 100% |  41.5 MiB/s |  42.5 KiB |  00m00s
l/kam-i3:latest_linux_amd64 => [ 86/201] Installing perl-Filter-2:1.65 100% |  18.0 MiB/s | 165.7 KiB |  00m00s
l/kam-i3:latest_linux_amd64 => [ 87/201] Installing perl-encoding-4:3. 100% |  73.5 MiB/s | 150.4 KiB |  00m00s
l/kam-i3:latest_linux_amd64 => [ 88/201] Installing perl-open-0:1.13-5 100% |  11.4 MiB/s |  11.7 KiB |  00m00s
l/kam-i3:latest_linux_amd64 => [ 89/201] Installing libptytty-0:2.0-14 100% |  22.5 MiB/s |  46.1 KiB |  00m00s
l/kam-i3:latest_linux_amd64 => [ 90/201] Installing mobile-broadband-p 100% | 246.8 MiB/s | 505.4 KiB |  00m00s
l/kam-i3:latest_linux_amd64 => [ 91/201] Installing libnma-common-0:1. 100% |  21.9 MiB/s | 784.5 KiB |  00m00s
l/kam-i3:latest_linux_amd64 => [ 92/201] Installing gcr-libs-0:4.4.0.1 100% |  47.2 MiB/s |   1.8 MiB |  00m00s
l/kam-i3:latest_linux_amd64 => [ 93/201] Installing libnma-0:1.10.6-11 100% |  87.8 MiB/s | 359.8 KiB |  00m00s
l/kam-i3:latest_linux_amd64 => [ 94/201] Installing nm-connection-edit 100% |  76.1 MiB/s |   4.8 MiB |  00m00s
l/kam-i3:latest_linux_amd64 => [ 95/201] Installing greetd-selinux-0:0 100% |   1.1 KiB/s |  10.4 KiB |  00m10s
l/kam-i3:latest_linux_amd64 => >>> Running %post scriptlet: greetd-selinux-0:0.10.3-6.fc44.noarch
l/kam-i3:latest_linux_amd64 => >>> Finished %post scriptlet: greetd-selinux-0:0.10.3-6.fc44.noarch
l/kam-i3:latest_linux_amd64 => >>> Scriptlet output:
l/kam-i3:latest_linux_amd64 => >>> libsemanage.semanage_rename: WARNING: rename(/etc/selinux/targeted/active, /etc/selinux/targeted/previous) failed: Invalid cross-device link, fall back to non-atomic semanage_copy_dir_flags()
l/kam-i3:latest_linux_amd64 => >>> 
l/kam-i3:latest_linux_amd64 => >>> Running sysusers scriptlet: greetd-0:0.10.3-6.fc44.x86_64
l/kam-i3:latest_linux_amd64 => >>> Finished sysusers scriptlet: greetd-0:0.10.3-6.fc44.x86_64
l/kam-i3:latest_linux_amd64 => >>> Scriptlet output:
l/kam-i3:latest_linux_amd64 => >>> Failed to connect to audit log, ignoring: Invalid argument
l/kam-i3:latest_linux_amd64 => >>> Creating group 'greetd' with GID 967.
l/kam-i3:latest_linux_amd64 => >>> Creating user 'greetd' (greetd daemon) with UID 967 and GID 967.
l/kam-i3:latest_linux_amd64 => >>> 
l/kam-i3:latest_linux_amd64 => [ 96/201] Installing greetd-0:0.10.3-6. 100% |  22.2 MiB/s |   1.3 MiB |  00m00s
l/kam-i3:latest_linux_amd64 => >>> [RPM] /etc/greetd/config.toml created as /etc/greetd/config.toml.rpmnew
l/kam-i3:latest_linux_amd64 => [ 97/201] Installing kernel-headers-0:7 100% |  50.7 MiB/s |   7.1 MiB |  00m00s
l/kam-i3:latest_linux_amd64 => [ 98/201] Installing glibc-devel-0:2.43 100% |  31.4 MiB/s |   2.4 MiB |  00m00s
l/kam-i3:latest_linux_amd64 => [ 99/201] Installing libxcrypt-devel-0: 100% |  10.8 MiB/s |  33.3 KiB |  00m00s
l/kam-i3:latest_linux_amd64 => [100/201] Installing libatomic-0:16.1.1 100% |  15.2 MiB/s |  46.7 KiB |  00m00s
l/kam-i3:latest_linux_amd64 => [101/201] Installing binutils-0:2.46.1- 100% | 183.5 MiB/s |  28.3 MiB |  00m00s
l/kam-i3:latest_linux_amd64 => [102/201] Installing make-1:4.4.1-12.fc 100% |  56.2 MiB/s |   1.8 MiB |  00m00s
l/kam-i3:latest_linux_amd64 => [103/201] Installing gcc-0:16.1.1-2.fc4 100% | 382.5 MiB/s | 120.9 MiB |  00m00s
l/kam-i3:latest_linux_amd64 => [104/201] Installing libgccjit-0:16.1.1 100% | 446.9 MiB/s |  42.0 MiB |  00m00s
l/kam-i3:latest_linux_amd64 => [105/201] Installing libwacom-data-0:2. 100% |  15.8 MiB/s |   1.6 MiB |  00m00s
l/kam-i3:latest_linux_amd64 => [106/201] Installing libwacom-0:2.19.0- 100% |   7.1 MiB/s | 116.2 KiB |  00m00s
l/kam-i3:latest_linux_amd64 => [107/201] Installing libinput-0:1.31.3- 100% |  18.9 MiB/s | 714.9 KiB |  00m00s
l/kam-i3:latest_linux_amd64 => [108/201] Installing emacsclient-1:30.2 100% |   3.6 MiB/s |  73.7 KiB |  00m00s
l/kam-i3:latest_linux_amd64 => [109/201] Installing emacs-common-1:30. 100% | 144.1 MiB/s | 104.4 MiB |  00m01s
l/kam-i3:latest_linux_amd64 => [110/201] Installing qt6-filesystem-0:6 100% |   1.1 MiB/s |   3.5 KiB |  00m00s
l/kam-i3:latest_linux_amd64 => [111/201] Installing glx-utils-0:9.0.0- 100% |  27.3 MiB/s | 419.2 KiB |  00m00s
l/kam-i3:latest_linux_amd64 => [112/201] Installing gdk-pixbuf2-module 100% |  14.1 MiB/s |  86.6 KiB |  00m00s
l/kam-i3:latest_linux_amd64 => [113/201] Installing emacs-gtk+x11-1:30 100% | 322.0 MiB/s | 172.6 MiB |  00m01s
l/kam-i3:latest_linux_amd64 => [114/201] Installing kde-filesystem-0:5 100% |   1.1 MiB/s |  54.2 KiB |  00m00s
l/kam-i3:latest_linux_amd64 => [115/201] Installing kf6-filesystem-0:6 100% |   1.2 MiB/s |   3.7 KiB |  00m00s
l/kam-i3:latest_linux_amd64 => [116/201] Installing xdg-user-dirs-0:0. 100% |   2.5 MiB/s | 181.6 KiB |  00m00s
l/kam-i3:latest_linux_amd64 => >>> Running %post scriptlet: xdg-user-dirs-0:0.18-11.fc43.x86_64
l/kam-i3:latest_linux_amd64 => >>> Finished %post scriptlet: xdg-user-dirs-0:0.18-11.fc43.x86_64
l/kam-i3:latest_linux_amd64 => >>> Scriptlet output:
l/kam-i3:latest_linux_amd64 => >>> Created symlink '/etc/systemd/user/graphical-session-pre.target.wants/xdg-user-dirs.service' → '/usr/lib/systemd/user/xdg-user-dirs.service'.
l/kam-i3:latest_linux_amd64 => >>> 
l/kam-i3:latest_linux_amd64 => [117/201] Installing tslib-0:1.24-2.fc4 100% |  11.4 MiB/s | 419.4 KiB |  00m00s
l/kam-i3:latest_linux_amd64 => [118/201] Installing pcre2-utf16-0:10.4 100% | 160.2 MiB/s | 656.1 KiB |  00m00s
l/kam-i3:latest_linux_amd64 => [119/201] Installing libb2-0:0.98.1-15. 100% |  14.0 MiB/s |  43.0 KiB |  00m00s
l/kam-i3:latest_linux_amd64 => [120/201] Installing double-conversion- 100% |  33.7 MiB/s | 103.5 KiB |  00m00s
l/kam-i3:latest_linux_amd64 => [121/201] Installing qt6-qtbase-0:6.11. 100% | 179.5 MiB/s |  14.0 MiB |  00m00s
l/kam-i3:latest_linux_amd64 => [122/201] Installing qt6-qtbase-common- 100% | 343.8 KiB/s | 352.0   B |  00m00s
l/kam-i3:latest_linux_amd64 => [123/201] Installing qt6-qtbase-gui-0:6 100% | 243.8 MiB/s |  27.5 MiB |  00m00s
l/kam-i3:latest_linux_amd64 => [124/201] Installing qt6-qtsvg-0:6.11.1 100% |  83.3 MiB/s | 938.8 KiB |  00m00s
l/kam-i3:latest_linux_amd64 => [125/201] Installing qt6-qtdeclarative- 100% | 157.0 MiB/s |  59.5 MiB |  00m00s
l/kam-i3:latest_linux_amd64 => [126/201] Installing kf6-kwindowsystem- 100% |  18.9 MiB/s | 773.3 KiB |  00m00s
l/kam-i3:latest_linux_amd64 => [127/201] Installing libqtxdg-0:4.4.0-3 100% |  72.6 MiB/s | 445.9 KiB |  00m00s
l/kam-i3:latest_linux_amd64 => [128/201] Installing liblxqt-0:2.4.0-2. 100% |  28.7 MiB/s | 647.1 KiB |  00m00s
l/kam-i3:latest_linux_amd64 => [129/201] Installing polkit-qt6-1-0:0.2 100% |  41.1 MiB/s | 294.5 KiB |  00m00s
l/kam-i3:latest_linux_amd64 => [130/201] Installing xorg-x11-server-co 100% |  62.6 MiB/s | 128.2 KiB |  00m00s
l/kam-i3:latest_linux_amd64 => [131/201] Installing xorg-x11-server-Xo 100% | 110.7 MiB/s |   3.5 MiB |  00m00s
l/kam-i3:latest_linux_amd64 => [132/201] Installing xorg-x11-drv-libin 100% |  52.3 MiB/s | 107.0 KiB |  00m00s
l/kam-i3:latest_linux_amd64 => [133/201] Installing libspectre-0:0.2.1 100% |  29.7 MiB/s |  91.2 KiB |  00m00s
l/kam-i3:latest_linux_amd64 => [134/201] Installing imlib2-0:1.12.5-2. 100% |  45.1 MiB/s | 784.2 KiB |  00m00s
l/kam-i3:latest_linux_amd64 => [135/201] Installing dejavu-sans-fonts- 100% | 367.2 MiB/s |   5.5 MiB |  00m00s
l/kam-i3:latest_linux_amd64 => [136/201] Installing mkfontscale-0:1.2. 100% |   3.0 MiB/s |  46.3 KiB |  00m00s
l/kam-i3:latest_linux_amd64 => [137/201] Installing xorg-x11-fonts-mis 100% |   4.2 MiB/s |   6.1 MiB |  00m01s
l/kam-i3:latest_linux_amd64 => [138/201] Installing i3-0:4.25.1-1.fc44 100% |  25.7 MiB/s | 973.5 KiB |  00m00s
l/kam-i3:latest_linux_amd64 => [139/201] Installing i3-config-0:4.25.1 100% |  14.5 MiB/s |  14.9 KiB |  00m00s
l/kam-i3:latest_linux_amd64 => [140/201] Installing xcb-imdkit-0:1.0.9 100% | 134.2 MiB/s | 549.5 KiB |  00m00s
l/kam-i3:latest_linux_amd64 => [141/201] Installing rofi-themes-0:2.0. 100% |  70.5 MiB/s | 433.1 KiB |  00m00s
l/kam-i3:latest_linux_amd64 => [142/201] Installing libconfuse-0:3.3-1 100% |  48.5 MiB/s |   1.0 MiB |  00m00s
l/kam-i3:latest_linux_amd64 => [143/201] Installing i3status-0:2.15-5. 100% |   9.7 MiB/s | 139.7 KiB |  00m00s
l/kam-i3:latest_linux_amd64 => [144/201] Installing i3status-config-0: 100% |   0.0   B/s |   1.2 KiB |  00m00s
l/kam-i3:latest_linux_amd64 => [145/201] Installing xrdb-0:1.2.2-7.fc4 100% |   3.5 MiB/s |  43.5 KiB |  00m00s
l/kam-i3:latest_linux_amd64 => [146/201] Installing xmodmap-0:1.0.11-1 100% |   3.9 MiB/s |  48.2 KiB |  00m00s
l/kam-i3:latest_linux_amd64 => [147/201] Installing xorg-x11-xinit-0:1 100% |   9.4 MiB/s | 145.0 KiB |  00m00s
l/kam-i3:latest_linux_amd64 => [148/201] Installing dbus-tools-1:1.16. 100% |   6.2 MiB/s | 101.6 KiB |  00m00s
l/kam-i3:latest_linux_amd64 => [149/201] Installing dunst-0:1.13.2-1.f 100% |   9.5 MiB/s | 370.5 KiB |  00m00s
l/kam-i3:latest_linux_amd64 => [150/201] Installing ibus-xinit-0:1.5.3 100% | 208.7 KiB/s |   2.5 KiB |  00m00s
l/kam-i3:latest_linux_amd64 => [151/201] Installing rofi-0:2.0.0-2.fc4 100% |  31.1 MiB/s | 669.7 KiB |  00m00s
l/kam-i3:latest_linux_amd64 => [152/201] Installing feh-0:3.12.2-2.fc4 100% |  22.5 MiB/s | 368.2 KiB |  00m00s
l/kam-i3:latest_linux_amd64 => [153/201] Installing lxqt-policykit-0:2 100% |  17.8 MiB/s | 145.7 KiB |  00m00s
l/kam-i3:latest_linux_amd64 => [154/201] Installing gstreamer1-plugins 100% | 109.6 MiB/s | 224.5 KiB |  00m00s
l/kam-i3:latest_linux_amd64 => [155/201] Installing emacs-1:30.2-25.fc 100% |   0.0   B/s | 124.0   B |  00m00s
l/kam-i3:latest_linux_amd64 => [156/201] Installing tuigreet-0:0.9.1-7 100% | 124.4 MiB/s |   2.4 MiB |  00m00s
l/kam-i3:latest_linux_amd64 => [157/201] Installing network-manager-ap 100% |  23.5 MiB/s | 673.4 KiB |  00m00s
l/kam-i3:latest_linux_amd64 => [158/201] Installing rxvt-unicode-0:9.3 100% |  69.9 MiB/s |   2.9 MiB |  00m00s
l/kam-i3:latest_linux_amd64 => [159/201] Installing ibus-panel-0:1.5.3 100% | 151.8 MiB/s | 310.9 KiB |  00m00s
l/kam-i3:latest_linux_amd64 => [160/201] Installing i3lock-0:2.16-2.fc 100% |   5.5 MiB/s |  73.5 KiB |  00m00s
l/kam-i3:latest_linux_amd64 => [161/201] Installing xterm-0:406-1.fc44 100% |  83.2 MiB/s |   1.9 MiB |  00m00s
l/kam-i3:latest_linux_amd64 => [162/201] Installing perl-Sys-Syslog-0: 100% |  31.5 MiB/s |  96.8 KiB |  00m00s
l/kam-i3:latest_linux_amd64 => [163/201] Installing perl-Unicode-Norma 100% | 159.0 MiB/s | 488.3 KiB |  00m00s
l/kam-i3:latest_linux_amd64 => [164/201] Installing perl-Task-Weaken-0 100% |  14.2 MiB/s |  29.0 KiB |  00m00s
l/kam-i3:latest_linux_amd64 => [165/201] Installing perl-Guard-0:1.023 100% |  18.9 MiB/s |  38.7 KiB |  00m00s
l/kam-i3:latest_linux_amd64 => [166/201] Installing perl-NDBM_File-0:1 100% |  14.4 MiB/s |  29.5 KiB |  00m00s
l/kam-i3:latest_linux_amd64 => [167/201] Installing libtree-sitter-hee 100% |  11.5 MiB/s |  35.3 KiB |  00m00s
l/kam-i3:latest_linux_amd64 => [168/201] Installing libtree-sitter-rus 100% | 270.5 MiB/s |   1.1 MiB |  00m00s
l/kam-i3:latest_linux_amd64 => [169/201] Installing libtree-sitter-bas 100% | 324.1 MiB/s |   1.3 MiB |  00m00s
l/kam-i3:latest_linux_amd64 => [170/201] Installing libtree-sitter-c-0 100% | 150.6 MiB/s | 616.7 KiB |  00m00s
l/kam-i3:latest_linux_amd64 => [171/201] Installing libtree-sitter-c-s 100% | 514.5 MiB/s |   5.7 MiB |  00m00s
l/kam-i3:latest_linux_amd64 => [172/201] Installing libtree-sitter-cma 100% |  33.2 MiB/s | 102.0 KiB |  00m00s
l/kam-i3:latest_linux_amd64 => [173/201] Installing libtree-sitter-cpp 100% | 468.5 MiB/s |   3.3 MiB |  00m00s
l/kam-i3:latest_linux_amd64 => [174/201] Installing libtree-sitter-css 100% |  41.7 MiB/s | 128.1 KiB |  00m00s
l/kam-i3:latest_linux_amd64 => [175/201] Installing libtree-sitter-eli 100% | 273.0 MiB/s |   1.4 MiB |  00m00s
l/kam-i3:latest_linux_amd64 => [176/201] Installing libtree-sitter-go- 100% |  74.7 MiB/s | 229.4 KiB |  00m00s
l/kam-i3:latest_linux_amd64 => [177/201] Installing libtree-sitter-htm 100% |  11.4 MiB/s |  34.9 KiB |  00m00s
l/kam-i3:latest_linux_amd64 => [178/201] Installing libtree-sitter-jav 100% | 136.1 MiB/s | 418.0 KiB |  00m00s
l/kam-i3:latest_linux_amd64 => [179/201] Installing libtree-sitter-jav 100% | 103.3 MiB/s | 423.2 KiB |  00m00s
l/kam-i3:latest_linux_amd64 => [180/201] Installing libtree-sitter-jsd 100% |  15.3 MiB/s |  46.9 KiB |  00m00s
l/kam-i3:latest_linux_amd64 => [181/201] Installing libtree-sitter-jso 100% |   6.0 MiB/s |  18.5 KiB |  00m00s
l/kam-i3:latest_linux_amd64 => [182/201] Installing libtree-sitter-lua 100% |  22.2 MiB/s |  68.1 KiB |  00m00s
l/kam-i3:latest_linux_amd64 => [183/201] Installing libtree-sitter-php 100% | 285.5 MiB/s |   2.0 MiB |  00m00s
l/kam-i3:latest_linux_amd64 => [184/201] Installing libtree-sitter-php 100% |  68.4 MiB/s | 210.3 KiB |  00m00s
l/kam-i3:latest_linux_amd64 => [185/201] Installing libtree-sitter-pyt 100% | 114.6 MiB/s | 469.6 KiB |  00m00s
l/kam-i3:latest_linux_amd64 => [186/201] Installing libtree-sitter-rub 100% | 403.7 MiB/s |   2.0 MiB |  00m00s
l/kam-i3:latest_linux_amd64 => [187/201] Installing libtree-sitter-tom 100% |  18.9 MiB/s |  38.8 KiB |  00m00s
l/kam-i3:latest_linux_amd64 => [188/201] Installing libtree-sitter-typ 100% | 343.8 MiB/s |   2.8 MiB |  00m00s
l/kam-i3:latest_linux_amd64 => [189/201] Installing libtree-sitter-yam 100% |  66.5 MiB/s | 204.3 KiB |  00m00s
l/kam-i3:latest_linux_amd64 => [190/201] Installing info-0:7.2-9.fc44. 100% |  22.3 MiB/s | 366.0 KiB |  00m00s
l/kam-i3:latest_linux_amd64 => [191/201] Installing xdriinfo-0:1.0.7-6 100% |   2.4 MiB/s |  31.4 KiB |  00m00s
l/kam-i3:latest_linux_amd64 => [192/201] Installing qt6-qttranslations 100% | 261.8 MiB/s |  15.4 MiB |  00m00s
l/kam-i3:latest_linux_amd64 => [193/201] Installing xss-lock-0:0.3.0^2 100% |   2.8 MiB/s |  42.3 KiB |  00m00s
l/kam-i3:latest_linux_amd64 => [194/201] Installing dex-autostart-0:0. 100% |   3.5 MiB/s |  43.0 KiB |  00m00s
l/kam-i3:latest_linux_amd64 => [195/201] Installing dmenu-0:5.4-3.fc44 100% |   3.7 MiB/s |  53.1 KiB |  00m00s
l/kam-i3:latest_linux_amd64 => [196/201] Installing jetbrains-mono-nl- 100% | 361.1 MiB/s |   3.2 MiB |  00m00s
l/kam-i3:latest_linux_amd64 => [197/201] Installing xset-0:1.2.5-9.fc4 100% |   3.5 MiB/s |  42.6 KiB |  00m00s
l/kam-i3:latest_linux_amd64 => [198/201] Installing jetbrains-mono-fon 100% |   0.0   B/s | 124.0   B |  00m00s
l/kam-i3:latest_linux_amd64 => [199/201] Installing jetbrains-mono-fon 100% | 257.8 MiB/s |   2.3 MiB |  00m00s
l/kam-i3:latest_linux_amd64 => [200/201] Installing xrandr-0:1.5.3-4.f 100% |   6.0 MiB/s |  80.5 KiB |  00m00s
l/kam-i3:latest_linux_amd64 => [201/201] Installing xsetroot-0:1.1.3-4 100% |  17.6 KiB/s |  23.8 KiB |  00m01s
l/kam-i3:latest_linux_amd64 => >>> Running %triggerin scriptlet: systemd-0:259.8-1.fc44.x86_64
l/kam-i3:latest_linux_amd64 => >>> Finished %triggerin scriptlet: systemd-0:259.8-1.fc44.x86_64
l/kam-i3:latest_linux_amd64 => >>> Scriptlet output:
l/kam-i3:latest_linux_amd64 => >>> Failed to connect to audit log, ignoring: Invalid argument
l/kam-i3:latest_linux_amd64 => >>> 
l/kam-i3:latest_linux_amd64 => Complete!
l/kam-i3:latest_linux_amd64 => =============================== End 'dnf' Module ===============================
l/kam-i3:latest_linux_amd64 => --> 03dffa56c082
l/kam-i3:latest_linux_amd64 => [6/6] STEP 16/28: RUN --mount=type=bind,from=stage-files,src=/files,dst=/tmp/files,rw --mount=type=bind,from=ghcr.io/blue-build/modules/default-flatpaks:latest,src=/modules,dst=/tmp/modules,rw --mount=type=bind,src=.bluebuild-scripts_0805999f,dst=/tmp/scripts/,Z --mount=type=cache,sharing=locked,dst=/var/cache/rpm-ostree,id=rpm-ostree-cache-kam-i3-44-stage-kam-i3 --mount=type=cache,sharing=locked,dst=/var/cache/libdnf5,id=dnf-cache-kam-i3-44-stage-kam-i3 --mount=type=cache,sharing=locked,dst=/var/cache/zypp,id=zypper-cache-kam-i3-44-stage-kam-i3 --mount=type=cache,sharing=locked,dst=/var/cache/apk,id=apk-cache-kam-i3-44-stage-kam-i3 --mount=type=cache,sharing=locked,dst=/var/cache/apt,id=apt-cache-kam-i3-44-stage-kam-i3 --mount=type=cache,sharing=locked,dst=/var/cache/pacman,id=pacman-cache-kam-i3-44-stage-kam-i3 --mount=type=cache,sharing=locked,dst=/usr/lib/sysimage/cache/pacman,id=pacman-sysimage-cache-kam-i3-44-stage-kam-i3 /tmp/scripts/run_module.sh 'default-flatpaks' '{"type":"default-flatpaks","configurations":[{"notify":true,"scope":"system","install":["com.github.tchx84.Flatseal","org.pulseaudio.pavucontrol","com.google.Chrome","com.moonlight_stream.Moonlight","org.sabnzbd.sabnzbd"]},{"scope":"user"}]}'
l/kam-i3:latest_linux_amd64 => ======================= Start 'default-flatpaks' Module =======================
l/kam-i3:latest_linux_amd64 => Validating configuration of [3;39m5[0m Flatpaks from [3;39mFlathub[0m
l/kam-i3:latest_linux_amd64 => Checking if configured packages exist on Flathub...
l/kam-i3:latest_linux_amd64 => Validation successful!
l/kam-i3:latest_linux_amd64 => Validating configuration of [3;39m0[0m Flatpaks from [3;39mFlathub[0m
l/kam-i3:latest_linux_amd64 => Checking if configured packages exist on Flathub...
l/kam-i3:latest_linux_amd64 => Validation successful!
l/kam-i3:latest_linux_amd64 => [1;32mSuccessfully generated following configurations:[0m
l/kam-i3:latest_linux_amd64 => - notify: true
l/kam-i3:latest_linux_amd64 =>   scope: system
l/kam-i3:latest_linux_amd64 =>   repo:
l/kam-i3:latest_linux_amd64 =>     url: https://dl.flathub.org/repo/flathub.flatpakrepo
l/kam-i3:latest_linux_amd64 =>     name: flathub
l/kam-i3:latest_linux_amd64 =>     title: Flathub
l/kam-i3:latest_linux_amd64 =>   install:
l/kam-i3:latest_linux_amd64 =>   - com.github.tchx84.Flatseal
l/kam-i3:latest_linux_amd64 =>   - org.pulseaudio.pavucontrol
l/kam-i3:latest_linux_amd64 =>   - com.google.Chrome
l/kam-i3:latest_linux_amd64 =>   - com.moonlight_stream.Moonlight
l/kam-i3:latest_linux_amd64 =>   - org.sabnzbd.sabnzbd
l/kam-i3:latest_linux_amd64 => - notify: true
l/kam-i3:latest_linux_amd64 =>   scope: user
l/kam-i3:latest_linux_amd64 =>   repo:
l/kam-i3:latest_linux_amd64 =>     url: https://dl.flathub.org/repo/flathub.flatpakrepo
l/kam-i3:latest_linux_amd64 =>     name: flathub
l/kam-i3:latest_linux_amd64 =>     title: Flathub
l/kam-i3:latest_linux_amd64 =>   install: []
l/kam-i3:latest_linux_amd64 => 
l/kam-i3:latest_linux_amd64 => Setting up Flatpak setup services...
l/kam-i3:latest_linux_amd64 => Created symlink '/etc/systemd/system/timers.target.wants/system-flatpak-setup.timer' → '/usr/lib/systemd/system/system-flatpak-setup.timer'.
l/kam-i3:latest_linux_amd64 => Created symlink '/etc/systemd/user/timers.target.wants/user-flatpak-setup.timer' → '/usr/lib/systemd/user/user-flatpak-setup.timer'.
l/kam-i3:latest_linux_amd64 => ======================== End 'default-flatpaks' Module ========================
l/kam-i3:latest_linux_amd64 => --> 65b3d58b4e9b
l/kam-i3:latest_linux_amd64 => [6/6] STEP 17/28: RUN --mount=type=bind,from=stage-files,src=/files,dst=/tmp/files,rw --mount=type=bind,from=ghcr.io/blue-build/modules/brew:latest,src=/modules,dst=/tmp/modules,rw --mount=type=bind,src=.bluebuild-scripts_0805999f,dst=/tmp/scripts/,Z --mount=type=cache,sharing=locked,dst=/var/cache/rpm-ostree,id=rpm-ostree-cache-kam-i3-44-stage-kam-i3 --mount=type=cache,sharing=locked,dst=/var/cache/libdnf5,id=dnf-cache-kam-i3-44-stage-kam-i3 --mount=type=cache,sharing=locked,dst=/var/cache/zypp,id=zypper-cache-kam-i3-44-stage-kam-i3 --mount=type=cache,sharing=locked,dst=/var/cache/apk,id=apk-cache-kam-i3-44-stage-kam-i3 --mount=type=cache,sharing=locked,dst=/var/cache/apt,id=apt-cache-kam-i3-44-stage-kam-i3 --mount=type=cache,sharing=locked,dst=/var/cache/pacman,id=pacman-cache-kam-i3-44-stage-kam-i3 --mount=type=cache,sharing=locked,dst=/usr/lib/sysimage/cache/pacman,id=pacman-sysimage-cache-kam-i3-44-stage-kam-i3 /tmp/scripts/run_module.sh 'brew' '{"type":"brew","nofile-limits":true,"brew-analytics":false}'
l/kam-i3:latest_linux_amd64 => ============================= Start 'brew' Module =============================
l/kam-i3:latest_linux_amd64 => Downloading Brew from homebrew...
l/kam-i3:latest_linux_amd64 => Downloaded Brew install script
l/kam-i3:latest_linux_amd64 => ==> Running in non-interactive mode because `$NONINTERACTIVE` is set.
l/kam-i3:latest_linux_amd64 => ==> Checking for `sudo` access (which may request your password)...
l/kam-i3:latest_linux_amd64 => ==> This script will install:
l/kam-i3:latest_linux_amd64 => /home/linuxbrew/.linuxbrew/bin/brew
l/kam-i3:latest_linux_amd64 => /home/linuxbrew/.linuxbrew/share/doc/homebrew
l/kam-i3:latest_linux_amd64 => /home/linuxbrew/.linuxbrew/share/man/man1/brew.1
l/kam-i3:latest_linux_amd64 => /home/linuxbrew/.linuxbrew/share/zsh/site-functions/_brew
l/kam-i3:latest_linux_amd64 => /home/linuxbrew/.linuxbrew/etc/bash_completion.d/brew
l/kam-i3:latest_linux_amd64 => /home/linuxbrew/.linuxbrew/Homebrew
l/kam-i3:latest_linux_amd64 => ==> The following new directories will be created:
l/kam-i3:latest_linux_amd64 => /home/linuxbrew/.linuxbrew/bin
l/kam-i3:latest_linux_amd64 => /home/linuxbrew/.linuxbrew/etc
l/kam-i3:latest_linux_amd64 => /home/linuxbrew/.linuxbrew/include
l/kam-i3:latest_linux_amd64 => /home/linuxbrew/.linuxbrew/lib
l/kam-i3:latest_linux_amd64 => /home/linuxbrew/.linuxbrew/sbin
l/kam-i3:latest_linux_amd64 => /home/linuxbrew/.linuxbrew/share
l/kam-i3:latest_linux_amd64 => /home/linuxbrew/.linuxbrew/var
l/kam-i3:latest_linux_amd64 => /home/linuxbrew/.linuxbrew/opt
l/kam-i3:latest_linux_amd64 => /home/linuxbrew/.linuxbrew/share/zsh
l/kam-i3:latest_linux_amd64 => /home/linuxbrew/.linuxbrew/share/zsh/site-functions
l/kam-i3:latest_linux_amd64 => /home/linuxbrew/.linuxbrew/var/homebrew
l/kam-i3:latest_linux_amd64 => /home/linuxbrew/.linuxbrew/var/homebrew/linked
l/kam-i3:latest_linux_amd64 => /home/linuxbrew/.linuxbrew/Cellar
l/kam-i3:latest_linux_amd64 => /home/linuxbrew/.linuxbrew/Caskroom
l/kam-i3:latest_linux_amd64 => /home/linuxbrew/.linuxbrew/Frameworks
l/kam-i3:latest_linux_amd64 => ==> /usr/bin/install -d -o root -g root -m 0755 /home/linuxbrew/.linuxbrew
l/kam-i3:latest_linux_amd64 => ==> /bin/mkdir -p /home/linuxbrew/.linuxbrew/bin /home/linuxbrew/.linuxbrew/etc /home/linuxbrew/.linuxbrew/include /home/linuxbrew/.linuxbrew/lib /home/linuxbrew/.linuxbrew/sbin /home/linuxbrew/.linuxbrew/share /home/linuxbrew/.linuxbrew/var /home/linuxbrew/.linuxbrew/opt /home/linuxbrew/.linuxbrew/share/zsh /home/linuxbrew/.linuxbrew/share/zsh/site-functions /home/linuxbrew/.linuxbrew/var/homebrew /home/linuxbrew/.linuxbrew/var/homebrew/linked /home/linuxbrew/.linuxbrew/Cellar /home/linuxbrew/.linuxbrew/Caskroom /home/linuxbrew/.linuxbrew/Frameworks
l/kam-i3:latest_linux_amd64 => ==> /bin/chmod ug=rwx /home/linuxbrew/.linuxbrew/bin /home/linuxbrew/.linuxbrew/etc /home/linuxbrew/.linuxbrew/include /home/linuxbrew/.linuxbrew/lib /home/linuxbrew/.linuxbrew/sbin /home/linuxbrew/.linuxbrew/share /home/linuxbrew/.linuxbrew/var /home/linuxbrew/.linuxbrew/opt /home/linuxbrew/.linuxbrew/share/zsh /home/linuxbrew/.linuxbrew/share/zsh/site-functions /home/linuxbrew/.linuxbrew/var/homebrew /home/linuxbrew/.linuxbrew/var/homebrew/linked /home/linuxbrew/.linuxbrew/Cellar /home/linuxbrew/.linuxbrew/Caskroom /home/linuxbrew/.linuxbrew/Frameworks
l/kam-i3:latest_linux_amd64 => ==> /bin/chmod go-w /home/linuxbrew/.linuxbrew/share/zsh /home/linuxbrew/.linuxbrew/share/zsh/site-functions
l/kam-i3:latest_linux_amd64 => ==> /bin/chown root /home/linuxbrew/.linuxbrew/bin /home/linuxbrew/.linuxbrew/etc /home/linuxbrew/.linuxbrew/include /home/linuxbrew/.linuxbrew/lib /home/linuxbrew/.linuxbrew/sbin /home/linuxbrew/.linuxbrew/share /home/linuxbrew/.linuxbrew/var /home/linuxbrew/.linuxbrew/opt /home/linuxbrew/.linuxbrew/share/zsh /home/linuxbrew/.linuxbrew/share/zsh/site-functions /home/linuxbrew/.linuxbrew/var/homebrew /home/linuxbrew/.linuxbrew/var/homebrew/linked /home/linuxbrew/.linuxbrew/Cellar /home/linuxbrew/.linuxbrew/Caskroom /home/linuxbrew/.linuxbrew/Frameworks
l/kam-i3:latest_linux_amd64 => ==> /bin/chgrp root /home/linuxbrew/.linuxbrew/bin /home/linuxbrew/.linuxbrew/etc /home/linuxbrew/.linuxbrew/include /home/linuxbrew/.linuxbrew/lib /home/linuxbrew/.linuxbrew/sbin /home/linuxbrew/.linuxbrew/share /home/linuxbrew/.linuxbrew/var /home/linuxbrew/.linuxbrew/opt /home/linuxbrew/.linuxbrew/share/zsh /home/linuxbrew/.linuxbrew/share/zsh/site-functions /home/linuxbrew/.linuxbrew/var/homebrew /home/linuxbrew/.linuxbrew/var/homebrew/linked /home/linuxbrew/.linuxbrew/Cellar /home/linuxbrew/.linuxbrew/Caskroom /home/linuxbrew/.linuxbrew/Frameworks
l/kam-i3:latest_linux_amd64 => ==> /bin/mkdir -p /home/linuxbrew/.linuxbrew/Homebrew
l/kam-i3:latest_linux_amd64 => ==> /bin/chown -R root:root /home/linuxbrew/.linuxbrew/Homebrew
l/kam-i3:latest_linux_amd64 => ==> Downloading and installing Homebrew...
l/kam-i3:latest_linux_amd64 => ==> Updating Homebrew...
l/kam-i3:latest_linux_amd64 => ==> Downloading https://ghcr.io/v2/homebrew/core/portable-ruby/blobs/sha256:0980099dc2668dc47bd4c85b704beb76b9406b4a85f77fdda9820d8341b40f87
l/kam-i3:latest_linux_amd64 => #=#=#                                                                          ##O#-#                                                                         #                                                                          2.7%############                                                              16.9%#######################                                                   32.3%##################################                                        47.5%#############################################                             62.7%########################################################                  78.0%###################################################################       93.5%######################################################################## 100.0%
l/kam-i3:latest_linux_amd64 => ==> Pouring portable-ruby-4.0.6.x86_64_linux.bottle.tar.gz
l/kam-i3:latest_linux_amd64 => Warning: /home/linuxbrew/.linuxbrew/bin is not in your PATH.
l/kam-i3:latest_linux_amd64 =>   Instructions on how to configure your shell for Homebrew
l/kam-i3:latest_linux_amd64 =>   can be found in the 'Next steps' section below.
l/kam-i3:latest_linux_amd64 => ==> Installation successful!
l/kam-i3:latest_linux_amd64 => 
l/kam-i3:latest_linux_amd64 => ==> Homebrew has enabled anonymous aggregate formulae and cask analytics.
l/kam-i3:latest_linux_amd64 => Read the analytics documentation (and how to opt-out) here:
l/kam-i3:latest_linux_amd64 =>   https://docs.brew.sh/Analytics
l/kam-i3:latest_linux_amd64 => No analytics data has been sent yet (nor will any be during this install run).
l/kam-i3:latest_linux_amd64 => 
l/kam-i3:latest_linux_amd64 => ==> Homebrew is run entirely by unpaid volunteers. Please consider donating:
l/kam-i3:latest_linux_amd64 =>   https://github.com/Homebrew/brew#donations
l/kam-i3:latest_linux_amd64 => 
l/kam-i3:latest_linux_amd64 => ==> Next steps:
l/kam-i3:latest_linux_amd64 => - Run these commands in your terminal to add Homebrew to your PATH:
l/kam-i3:latest_linux_amd64 =>     echo >> /home/linuxbrew/.bashrc
l/kam-i3:latest_linux_amd64 =>     echo 'eval "$(/home/linuxbrew/.linuxbrew/bin/brew shellenv bash)"' >> /home/linuxbrew/.bashrc
l/kam-i3:latest_linux_amd64 =>     eval "$(/home/linuxbrew/.linuxbrew/bin/brew shellenv bash)"
l/kam-i3:latest_linux_amd64 => - Install Homebrew's dependencies if you have sudo access:
l/kam-i3:latest_linux_amd64 =>     sudo dnf group install development-tools && sudo dnf install bubblewrap
l/kam-i3:latest_linux_amd64 =>   For more information, see:
l/kam-i3:latest_linux_amd64 =>     https://docs.brew.sh/Homebrew-on-Linux
l/kam-i3:latest_linux_amd64 => - Run brew help to get started
l/kam-i3:latest_linux_amd64 => - Further documentation:
l/kam-i3:latest_linux_amd64 =>     https://docs.brew.sh
l/kam-i3:latest_linux_amd64 => 
l/kam-i3:latest_linux_amd64 => tar: Removing leading `/' from member names
l/kam-i3:latest_linux_amd64 => Extracting Brew tarball to '/usr/share/homebrew/'
l/kam-i3:latest_linux_amd64 => Setting '/usr/share/homebrew/' permissions to UID/GID 1000
l/kam-i3:latest_linux_amd64 => Writing brew-setup service
l/kam-i3:latest_linux_amd64 => Writing brew-update service
l/kam-i3:latest_linux_amd64 => Writing brew-upgrade service
l/kam-i3:latest_linux_amd64 => Writing brew-update timer
l/kam-i3:latest_linux_amd64 => Writing brew-upgrade timer
l/kam-i3:latest_linux_amd64 => Apply brew path export fix, to solve path conflicts between system & brew programs with same name
l/kam-i3:latest_linux_amd64 => Copying Brew bash & fish shell completions
l/kam-i3:latest_linux_amd64 => Writing brew tmpfiles.d configuration
l/kam-i3:latest_linux_amd64 => Enabling brew-setup service to install Brew in run-time
l/kam-i3:latest_linux_amd64 => Enabling auto-updates for Brew binary
l/kam-i3:latest_linux_amd64 => Enabling auto-upgrades for Brew packages
l/kam-i3:latest_linux_amd64 => Created symlink '/etc/systemd/system/default.target.wants/brew-setup.service' → '/usr/lib/systemd/system/brew-setup.service'.
l/kam-i3:latest_linux_amd64 => Created symlink '/etc/systemd/system/multi-user.target.wants/brew-setup.service' → '/usr/lib/systemd/system/brew-setup.service'.
l/kam-i3:latest_linux_amd64 => Created symlink '/etc/systemd/system/timers.target.wants/brew-update.timer' → '/usr/lib/systemd/system/brew-update.timer'.
l/kam-i3:latest_linux_amd64 => Created symlink '/etc/systemd/system/timers.target.wants/brew-upgrade.timer' → '/usr/lib/systemd/system/brew-upgrade.timer'.
l/kam-i3:latest_linux_amd64 => Current nofile limit values:
l/kam-i3:latest_linux_amd64 => SSH/TTY soft nofile limit: UNSET
l/kam-i3:latest_linux_amd64 => SSH/TTY hard nofile limit: UNSET
l/kam-i3:latest_linux_amd64 => SystemD system soft nofile limit: UNSET
l/kam-i3:latest_linux_amd64 => SystemD system hard nofile limit: UNSET
l/kam-i3:latest_linux_amd64 => SystemD user soft nofile limit: UNSET
l/kam-i3:latest_linux_amd64 => SystemD user hard nofile limit: UNSET
l/kam-i3:latest_linux_amd64 => Writing increased SystemD system soft & hard nofile limit value
l/kam-i3:latest_linux_amd64 => Writing increased SystemD user soft & hard nofile limit value
l/kam-i3:latest_linux_amd64 => Disabling Brew analytics
l/kam-i3:latest_linux_amd64 => Brew setup completed
l/kam-i3:latest_linux_amd64 => ============================== End 'brew' Module ==============================
l/kam-i3:latest_linux_amd64 => --> 381799a3ff31
l/kam-i3:latest_linux_amd64 => [6/6] STEP 18/28: RUN --mount=type=bind,from=stage-files,src=/files,dst=/tmp/files,rw --mount=type=bind,from=ghcr.io/blue-build/modules/signing:latest,src=/modules,dst=/tmp/modules,rw --mount=type=bind,src=.bluebuild-scripts_0805999f,dst=/tmp/scripts/,Z --mount=type=cache,sharing=locked,dst=/var/cache/rpm-ostree,id=rpm-ostree-cache-kam-i3-44-stage-kam-i3 --mount=type=cache,sharing=locked,dst=/var/cache/libdnf5,id=dnf-cache-kam-i3-44-stage-kam-i3 --mount=type=cache,sharing=locked,dst=/var/cache/zypp,id=zypper-cache-kam-i3-44-stage-kam-i3 --mount=type=cache,sharing=locked,dst=/var/cache/apk,id=apk-cache-kam-i3-44-stage-kam-i3 --mount=type=cache,sharing=locked,dst=/var/cache/apt,id=apt-cache-kam-i3-44-stage-kam-i3 --mount=type=cache,sharing=locked,dst=/var/cache/pacman,id=pacman-cache-kam-i3-44-stage-kam-i3 --mount=type=cache,sharing=locked,dst=/usr/lib/sysimage/cache/pacman,id=pacman-sysimage-cache-kam-i3-44-stage-kam-i3 /tmp/scripts/run_module.sh 'signing' '{"type":"signing"}'
l/kam-i3:latest_linux_amd64 => ============================ Start 'signing' Module ============================
l/kam-i3:latest_linux_amd64 => Setting up container signing in policy.json and cosign.yaml for kam-i3
l/kam-i3:latest_linux_amd64 => Registry to write: localhost
l/kam-i3:latest_linux_amd64 => ============================= End 'signing' Module =============================
l/kam-i3:latest_linux_amd64 => --> bbb111667bb1
l/kam-i3:latest_linux_amd64 => [6/6] STEP 19/28: RUN --mount=type=bind,from=stage-files,src=/files,dst=/tmp/files,rw --mount=type=bind,from=ghcr.io/blue-build/modules/systemd:latest,src=/modules,dst=/tmp/modules,rw --mount=type=bind,src=.bluebuild-scripts_0805999f,dst=/tmp/scripts/,Z --mount=type=cache,sharing=locked,dst=/var/cache/rpm-ostree,id=rpm-ostree-cache-kam-i3-44-stage-kam-i3 --mount=type=cache,sharing=locked,dst=/var/cache/libdnf5,id=dnf-cache-kam-i3-44-stage-kam-i3 --mount=type=cache,sharing=locked,dst=/var/cache/zypp,id=zypper-cache-kam-i3-44-stage-kam-i3 --mount=type=cache,sharing=locked,dst=/var/cache/apk,id=apk-cache-kam-i3-44-stage-kam-i3 --mount=type=cache,sharing=locked,dst=/var/cache/apt,id=apt-cache-kam-i3-44-stage-kam-i3 --mount=type=cache,sharing=locked,dst=/var/cache/pacman,id=pacman-cache-kam-i3-44-stage-kam-i3 --mount=type=cache,sharing=locked,dst=/usr/lib/sysimage/cache/pacman,id=pacman-sysimage-cache-kam-i3-44-stage-kam-i3 /tmp/scripts/run_module.sh 'systemd' '{"type":"systemd","system":{"enabled":["greetd.service","kam-i3-brew.service"]}}'
l/kam-i3:latest_linux_amd64 => ============================ Start 'systemd' Module ============================
l/kam-i3:latest_linux_amd64 => Created symlink '/etc/systemd/system/display-manager.service' → '/usr/lib/systemd/system/greetd.service'.
l/kam-i3:latest_linux_amd64 => Created symlink '/etc/systemd/system/multi-user.target.wants/kam-i3-brew.service' → '/usr/lib/systemd/system/kam-i3-brew.service'.
l/kam-i3:latest_linux_amd64 => ============================= End 'systemd' Module =============================
l/kam-i3:latest_linux_amd64 => --> 5dfcb2865ebb
l/kam-i3:latest_linux_amd64 => [6/6] STEP 20/28: RUN --mount=type=bind,src=.bluebuild-scripts_0805999f,dst=/scripts/,Z   /scripts/post_build.sh
l/kam-i3:latest_linux_amd64 => --> 35c24feedc95
l/kam-i3:latest_linux_amd64 => [6/6] STEP 21/28: LABEL io.artifacthub.package.readme-url="https://raw.githubusercontent.com/blue-build/cli/main/README.md"
l/kam-i3:latest_linux_amd64 => --> 940ca3f45b58
l/kam-i3:latest_linux_amd64 => [6/6] STEP 22/28: LABEL org.blue-build.build-id="34eebae1-c88f-4fa2-9441-a0197e00a9c9"
l/kam-i3:latest_linux_amd64 => --> 6c6c785a0ea6
l/kam-i3:latest_linux_amd64 => [6/6] STEP 23/28: LABEL org.opencontainers.image.base.digest="sha256:a04d48824e40d64f49b50a0436727eaa540e243aa92085eedd27168ff73b8892"
l/kam-i3:latest_linux_amd64 => --> 443a413a9863
l/kam-i3:latest_linux_amd64 => [6/6] STEP 24/28: LABEL org.opencontainers.image.base.name="ghcr.io/ublue-os/base-main:44"
l/kam-i3:latest_linux_amd64 => --> f69a32bd1e90
l/kam-i3:latest_linux_amd64 => [6/6] STEP 25/28: LABEL org.opencontainers.image.created="2026-08-01T18:24:08.808168067+00:00"
l/kam-i3:latest_linux_amd64 => --> ad9c0b2fbd33
l/kam-i3:latest_linux_amd64 => [6/6] STEP 26/28: LABEL org.opencontainers.image.description="This is my personal OS image."
l/kam-i3:latest_linux_amd64 => --> 707cac73d512
l/kam-i3:latest_linux_amd64 => [6/6] STEP 27/28: LABEL org.opencontainers.image.source=""
l/kam-i3:latest_linux_amd64 => --> d906f279738c
l/kam-i3:latest_linux_amd64 => [6/6] STEP 28/28: LABEL org.opencontainers.image.title="kam-i3"
l/kam-i3:latest_linux_amd64 => [6/6] COMMIT localhost/kam-i3:latest_linux_amd64
l/kam-i3:latest_linux_amd64 => --> b3d46538bc05
l/kam-i3:latest_linux_amd64 => Successfully tagged localhost/kam-i3:latest_linux_amd64
l/kam-i3:latest_linux_amd64 => b3d46538bc0580da17b2eea3139dbb5dc8d66f911b7a7a014960665fe23ccdce
INFO  => Successfully built localhost/kam-i3:latest_linux_amd64
WARN  => Existing image manifest localhost/kam-i3:latest exists, removing...
WARN  => Existing image manifest localhost/kam-i3:20260801 exists, removing...
WARN  => Existing image manifest localhost/kam-i3:44 exists, removing...
WARN  => Existing image manifest localhost/kam-i3:20260801-44 exists, removing...
WARN  => Existing image manifest localhost/kam-i3:19c2a29-44 exists, removing...
INFO  => Finished building:
	- localhost/kam-i3:latest
	- localhost/kam-i3:20260801
	- localhost/kam-i3:44
	- localhost/kam-i3:20260801-44
	- localhost/kam-i3:19c2a29-44
